Srial_No.,Symbol,Company Name,"Market Capitalisation in Lakh"
1,RELIANCE,Reliance Industries Limited,"70,603,579",
2,TCS,Tata Consultancy Services Limited,"68,522,297",
3,HINDUNILVR,Hindustan Unilever Limited,"49,758,412",
4,HDFCBANK,HDFC Bank Limited,"47,248,232",
5,HDFC,Housing Development Finance Corporation Limited,"28,235,708",
6,INFY,Infosys Limited,"27,320,750",
7,KOTAKBANK,Kotak Mahindra Bank Limited,"24,786,522",
8,BHARTIARTL,Bharti Airtel Limited,"24,053,552",
9,ITC,ITC Limited,"21,105,761",
10,ICICIBANK,ICICI Bank Limited,"20,954,333",
11,SBIN,State Bank of India,"17,568,098",
12,ASIANPAINT,Asian Paints Limited,"15,985,031",
13,DMART,Avenue Supermarts Limited,"14,170,071",
14,BAJFINANCE,Bajaj Finance Limited,"13,332,226",
15,MARUTI,Maruti Suzuki India Limited,"12,954,099",
16,HCLTECH,HCL Technologies Limited,"11,842,434",
17,LT,Larsen & Toubro Limited,"11,349,263",
18,WIPRO,Wipro Limited,"11,237,966",
19,AXISBANK,Axis Bank Limited,"10,691,225",
20,ULTRACEMCO,UltraTech Cement Limited,"9,365,399",
21,HDFCLIFE,HDFC Life Insurance Company Limited,"8,907,273",
22,COALINDIA,Coal India Limited,"8,630,901",
23,ONGC,Oil & Natural Gas Corporation Limited,"8,592,331",
24,SUNPHARMA,Sun Pharmaceutical Industries Limited,"8,452,857",
25,NTPC,NTPC Limited,"8,331,217",
26,POWERGRID,Power Grid Corporation of India Limited,"8,323,459",
27,TITAN,Titan Company Limited,"8,289,259",
28,DABUR,Dabur India Limited,"7,952,671",
29,IOC,Indian Oil Corporation Limited,"7,686,661",
30,BAJAJFINSV,Bajaj Finserv Limited,"7,306,311",
31,PIDILITIND,Pidilite Industries Limited,"6,890,482",
32,BPCL,Bharat Petroleum Corporation Limited,"6,874,362",
33,HINDZINC,Hindustan Zinc Limited,"6,566,146",
34,BRITANNIA,Britannia Industries Limited,"6,466,072",
35,SBILIFE,SBI Life Insurance Company Limited,"6,410,000",
36,SHREECEM,SHREE CEMENT LIMITED,"6,330,854",
37,BAJAJ-AUTO,Bajaj Auto Limited,"5,852,014",
38,SBICARD,SBI Cards and Payment Services Limited,"5,808,856",
39,TECHM,Tech Mahindra Limited,"5,461,323",
40,GODREJCP,Godrej Consumer Products Limited,"5,324,704",
41,DIVISLAB,Divi's Laboratories Limited,"5,280,303",
42,DRREDDY,Dr. Reddy's Laboratories Limited,"5,185,536",
43,ICICIPRULI,ICICI Prudential Life Insurance Company Limited,"5,107,327",
44,ADANIPORTS,Adani Ports and Special Economic Zone Limited,"5,105,792",
45,ICICIGI,ICICI Lombard General Insurance Company Limited,"4,915,348",
46,BERGEPAINT,Berger Paints (I) Limited,"4,835,740",
47,HDFCAMC,HDFC Asset Management Company Limited,"4,492,424",
48,GSKCONS,GlaxoSmithKline Consumer Healthcare Limited,"4,194,724",
49,INDIGO,InterGlobe Aviation Limited,"4,102,506",
50,SIEMENS,Siemens Limited,"3,965,043",
51,EICHERMOT,Eicher Motors Limited,"3,575,779",
52,MARICO,Marico Limited,"3,548,161",
53,M&M,Mahindra & Mahindra Limited,"3,542,477",
54,JSWSTEEL,JSW Steel Limited,"3,535,185",
55,MCDOWELL-N,United Spirits Limited,"3,521,291",
56,GAIL,GAIL (India) Limited,"3,452,514",
57,CIPLA,Cipla Limited,"3,409,166",
58,COLPAL,Colgate Palmolive (India) Limited,"3,407,164",
59,DLF,DLF Limited,"3,402,321",
60,TORNTPHARM,Torrent Pharmaceuticals Limited,"3,336,734",
61,PGHH,Procter & Gamble Hygiene and Health Care Limited,"3,333,507",
62,BANDHANBNK,Bandhan Bank Limited,"3,280,820",
63,BIOCON,Biocon Limited,"3,246,600",
64,HEROMOTOCO,Hero MotoCorp Limited,"3,188,739",
65,GRASIM,Grasim Industries Limited,"3,131,781",
66,AMBUJACEM,Ambuja Cements Limited,"3,091,650",
67,TATASTEEL,Tata Steel Limited,"3,037,016",
68,HAVELLS,Havells India Limited,"3,006,670",
69,PETRONET,Petronet LNG Limited,"2,995,500",
70,INFRATEL,Bharti Infratel Limited,"2,959,373",
71,HINDPETRO,Hindustan Petroleum Corporation Limited,"2,896,787",
72,YESBANK,Yes Bank Limited,"2,817,581",
73,ALKEM,Alkem Laboratories Limited,"2,780,903",
74,BOSCHLTD,Bosch Limited,"2,771,090",
75,CADILAHC,Cadila Healthcare Limited,"2,735,952",
76,IGL,Indraprastha Gas Limited,"2,715,653",
77,LUPIN,Lupin Limited,"2,669,907",
78,UPL,UPL Limited,"2,494,608",
79,NAUKRI,Info Edge (India) Limited,"2,489,195",
80,LTI,Larsen & Toubro Infotech Limited,"2,486,562",
81,BANKBARODA,Bank of Baroda,"2,474,313",
82,MRF,MRF Limited,"2,466,837",
83,MUTHOOTFIN,Muthoot Finance Limited,"2,457,901",
84,NMDC,NMDC Limited,"2,449,480",
85,INDUSINDBK,IndusInd Bank Limited,"2,436,375",
86,UBL,United Breweries Limited,"2,429,487",
87,PFC,Power Finance Corporation Limited,"2,427,555",
88,AUROPHARMA,Aurobindo Pharma Limited,"2,420,805",
89,VEDL,Vedanta Limited,"2,405,026",
90,ADANIGREEN,Adani Green Energy Limited,"2,396,852",
91,WHIRLPOOL,Whirlpool of India Limited,"2,307,672",
92,HONAUT,Honeywell Automation India Limited,"2,289,123",
93,TATAMOTORS,Tata Motors Limited,"2,194,716",
94,PNB,Punjab National Bank,"2,179,603",
95,HINDALCO,Hindalco Industries Limited,"2,149,482",
96,GLAXO,GlaxoSmithKline Pharmaceuticals Limited,"2,130,111",
97,3MINDIA,3M India Limited,"2,120,982",
98,PEL,Piramal Enterprises Limited,"2,119,007",
99,KANSAINER,Kansai Nerolac Paints Limited,"2,088,044",
100,ADANITRANS,Adani Transmission Limited,"2,079,191",
101,CONCOR,Container Corporation of India Limited,"2,020,725",
102,NHPC,NHPC Limited,"2,003,984",
103,IDBI,IDBI Bank Limited,"2,003,455",
104,BAJAJHLDNG,Bajaj Holdings & Investment Limited,"2,001,669",
105,ABB,ABB India Limited,"1,982,191",
106,JUBLFOOD,Jubilant Foodworks Limited,"1,941,858",
107,MOTHERSUMI,Motherson Sumi Systems Limited,"1,927,919",
108,PAGEIND,Page Industries Limited,"1,892,087",
109,TATACONSUM,TATA CONSUMER PRODUCTS LIMITED,"1,860,886",
110,NIACL,The New India Assurance Company Limited,"1,850,704",
111,GICRE,General Insurance Corporation of India,"1,845,629",
112,PFIZER,Pfizer Limited,"1,840,431",
113,ACC,ACC Limited,"1,818,720",
114,BEL,Bharat Electronics Limited,"1,814,043",
115,GILLETTE,Gillette India Limited,"1,782,444",
116,IPCALAB,IPCA Laboratories Limited,"1,759,137",
117,RECLTD,REC Limited,"1,752,740",
118,HAL,Hindustan Aeronautics Limited,"1,739,818",
119,OFSS,Oracle Financial Services Software Limited,"1,737,325",
120,TRENT,Trent Limited,"1,721,804",
121,RAJESHEXPO,Rajesh Exports Limited,"1,616,991",
122,PIIND,PI Industries Limited,"1,615,933",
123,SRF,SRF Limited,"1,599,855",
124,COROMANDEL,Coromandel International Limited,"1,598,536",
125,GUJGASLTD,Gujarat Gas Limited,"1,589,149",
126,APOLLOHOSP,Apollo Hospitals Enterprise Limited,"1,584,705",
127,BATAINDIA,Bata India Limited,"1,582,303",
128,VOLTAS,Voltas Limited,"1,577,989",
129,IRCTC,Indian Railway Catering And Tourism Corporation Limited,"1,572,080",
130,BALKRISIND,Balkrishna Industries Limited,"1,530,396",
131,VBL,Varun Beverages Limited,"1,528,462",
132,NAM-INDIA,Nippon Life India Asset Management Limited,"1,525,197",
133,GODREJPROP,Godrej Properties Limited,"1,520,331",
134,ADANIENT,Adani Enterprises Limited,"1,513,339",
135,SRTRANSFIN,Shriram Transport Finance Company Limited,"1,498,901",
136,RELAXO,Relaxo Footwears Limited,"1,486,872",
137,AUBANK,AU Small Finance Bank Limited,"1,483,255",
138,SANOFI,Sanofi India Limited,"1,440,185",
139,TVSMOTOR,TVS Motor Company Limited,"1,413,622",
140,ASTRAL,Astral Poly Technik Limited,"1,411,479",
141,MINDTREE,MindTree Limited,"1,363,805",
142,TORNTPOWER,Torrent Power Limited,"1,341,161",
143,SUNDARMFIN,Sundaram Finance Limited,"1,336,857",
144,AARTIIND,Aarti Industries Limited,"1,335,943",
145,AIAENG,AIA Engineering Limited,"1,314,119",
146,CROMPTON,Crompton Greaves Consumer Electricals Limited,"1,309,650",
147,ASHOKLEY,Ashok Leyland Limited,"1,263,744",
148,MPHASIS,MphasiS Limited,"1,238,798",
149,LTTS,L&T Technology Services Limited,"1,211,695",
150,RAMCOCEM,The Ramco Cements Limited,"1,208,156",
151,OBEROIRLTY,Oberoi Realty Limited,"1,206,250",
152,CHOLAFIN,Cholamandalam Investment and Finance Company Limited,"1,195,063",
153,AJANTPHARM,Ajanta Pharma Limited,"1,192,251",
154,ZEEL,Zee Entertainment Enterprises Limited,"1,190,519",
155,LICHSGFIN,LIC Housing Finance Limited,"1,187,472",
156,ATUL,Atul Limited,"1,183,043",
157,ABFRL,Aditya Birla Fashion and Retail Limited,"1,182,921",
158,LALPATHLAB,Dr. Lal Path Labs Ltd.,"1,168,199",
159,WABCOINDIA,WABCO India Limited,"1,164,856",
160,SCHAEFFLER,Schaeffler India Limited,"1,161,852",
161,SUNTV,Sun TV Network Limited,"1,126,885",
162,EXIDEIND,Exide Industries Limited,"1,118,600",
163,POLYCAB,Polycab India Limited,"1,103,922",
164,SUPREMEIND,Supreme Industries Limited,"1,102,212",
165,BHARATFORG,Bharat Forge Limited,"1,093,900",
166,ADANIPOWER,Adani Power Limited,"1,070,301",
167,BANKINDIA,Bank of India,"1,056,808",
168,MFSL,Max Financial Services Limited,"1,036,533",
169,L&TFH,L&T Finance Holdings Limited,"1,026,261",
170,IDFCFIRSTB,IDFC First Bank Limited,"1,014,890",
171,AKZOINDIA,Akzo Nobel India Limited,"1,007,830",
172,APLLTD,Alembic Pharmaceuticals Limited,"1,007,146",
173,GMRINFRA,GMR Infrastructure Limited,"986,877",
174,CASTROLIND,Castrol India Limited,"983,682",
175,UNIONBANK,Union Bank of India,"982,349",
176,ABCAPITAL,Aditya Birla Capital Limited,"974,985",
177,GSPL,Gujarat State Petronet Limited,"972,727",
178,SYNGENE,Syngene International Limited,"960,600",
179,GODREJIND,Godrej Industries Limited,"952,704",
180,FORTIS,Fortis Healthcare Limited,"952,380",
181,SAIL,Steel Authority of India Limited,"952,086",
182,ADANIGAS,Adani Gas Limited,"949,686",
183,CUB,City Union Bank Limited,"949,568",
184,DALBHARAT,Dalmia Bharat Limited,"946,655",
185,CANBK,Canara Bank,"932,361",
186,AAVAS,Aavas Financiers Limited,"930,895",
187,SUMICHEM,Sumitomo Chemical India Limited,"921,922",
188,NATCOPHARM,Natco Pharma Limited,"919,531",
189,M&MFIN,Mahindra & Mahindra Financial Services Limited,"909,350",
190,CRISIL,CRISIL Limited,"906,913",
191,CUMMINSIND,Cummins India Limited,"905,612",
192,OIL,Oil India Limited,"896,261",
193,IDEA,Vodafone Idea Limited,"890,797",
194,ISEC,ICICI Securities Limited,"890,560",
195,INDHOTEL,The Indian Hotels Company Limited,"890,347",
196,TATAPOWER,Tata Power Company Limited,"888,518",
197,IOB,Indian Overseas Bank,"887,271",
198,THERMAX,Thermax Limited,"882,293",
199,IIFLWAM,Iifl Wealth Management Limited,"874,811",
200,PHOENIXLTD,The Phoenix Mills Limited,"874,796",
201,ENDURANCE,Endurance Technologies Limited,"845,524",
202,JINDALSTEL,Jindal Steel & Power Limited,"838,453",
203,HATSUN,Hatsun Agro Product Limited,"835,277",
204,SOLARINDS,Solar Industries India Limited,"827,260",
205,FEDERALBNK,The Federal Bank  Limited,"818,380",
206,AMARAJABAT,Amara Raja Batteries Limited,"816,569",
207,SJVN,SJVN Limited,"815,432",
208,ESCORTS,Escorts Limited,"812,194",
209,MGL,Mahanagar Gas Limited,"808,447",
210,MANAPPURAM,Manappuram Finance Limited,"800,606",
211,VINATIORGA,Vinati Organics Limited,"796,098",
212,UCOBANK,UCO Bank,"780,408",
213,EMAMILTD,Emami Limited,"771,463",
214,ZYDUSWELL,Zydus Wellness Limited,"749,259",
215,MOTILALOFS,Motilal Oswal Financial Services Limited,"734,177",
216,SKFINDIA,SKF India Limited,"726,540",
217,BHEL,Bharat Heavy Electricals Limited,"724,269",
218,JKCEMENT,JK Cement Limited,"722,883",
219,NIITTECH,NIIT Technologies Limited,"716,402",
220,GODREJAGRO,Godrej Agrovet Limited,"706,234",
221,JSWENERGY,JSW Energy Limited,"701,288",
222,CENTRALBK,Central Bank of India,"699,446",
223,RBLBANK,RBL Bank Limited,"688,970",
224,HEXAWARE,Hexaware Technologies Limited,"676,402",
225,TTKPRESTIG,TTK Prestige Limited,"674,295",
226,PRESTIGE,Prestige Estates Projects Limited,"674,249",
227,TATACOMM,Tata Communications Limited,"664,478",
228,VGUARD,V-Guard Industries Limited,"663,544",
229,METROPOLIS,Metropolis Healthcare Limited,"644,520",
230,SIS,Security and Intelligence Services (India) Limited,"631,198",
231,MINDAIND,Minda Industries Limited,"630,370",
232,SFL,Sheela Foam Limited,"627,298",
233,RITES,RITES Limited,"615,250",
234,SUNDRMFAST,Sundram Fasteners Limited,"614,625",
235,NLCINDIA,NLC India Limited,"608,733",
236,PVR,PVR Limited,"607,672",
237,NAVINFLUOR,Navin Fluorine International Limited,"604,097",
238,PGHL,Procter & Gamble Health Limited,"603,056",
239,ASTRAZEN,AstraZeneca Pharma India Limited,"600,963",
240,KAJARIACER,Kajaria Ceramics Limited,"597,415",
241,FINEORG,Fine Organic Industries Limited,"584,394",
242,JCHAC,Johnson Controls - Hitachi Air Conditioning India Limited,"581,926",
243,GLENMARK,Glenmark Pharmaceuticals Limited,"580,843",
244,TIMKEN,Timken India Limited,"577,078",
245,TATACHEM,Tata Chemicals Limited,"569,508",
246,IBVENTURES,Indiabulls Ventures Limited,"569,504",
247,ITI,ITI Limited,"562,868",
248,INDIAMART,Indiamart Intermesh Limited,"560,003",
249,SYMPHONY,Symphony Limited,"544,755",
250,JMFINANCIL,JM Financial Limited,"544,591",
251,CHOLAHLDNG,Cholamandalam Financial Holdings Limited,"544,370",
252,NATIONALUM,National Aluminium Company Limited,"542,895",
253,CESC,CESC Limited,"541,562",
254,DEEPAKNTR,Deepak Nitrite Limited,"525,181",
255,BLUEDART,Blue Dart Express Limited,"521,789",
256,MAHABANK,Bank of Maharashtra,"518,346",
257,TIINDIA,Tube Investments of India Limited,"514,408",
258,BBTC,Bombay Burmah Trading Corporation Limited,"511,079",
259,ERIS,Eris Lifesciences Limited,"507,310",
260,NH,Narayana Hrudayalaya Ltd.,"505,793",
261,GRINDWELL,Grindwell Norton Limited,"505,105",
262,SHRIRAMCIT,Shriram City Union Finance Limited,"493,954",
263,ESSELPACK,Essel Propack Limited,"489,371",
264,GODFRYPHLP,Godfrey Phillips India Limited,"489,003",
265,FINPIPE,Finolex Industries Limited,"487,385",
266,BASF,BASF India Limited,"487,072",
267,CREDITACC,CREDITACCESS GRAMEEN LIMITED,"485,182",
268,ASTERDM,Aster DM Healthcare Limited,"480,724",
269,KEC,KEC International Limited,"476,899",
270,AEGISCHEM,Aegis Logistics Limited,"473,665",
271,UJJIVANSFB,Ujjivan Small Finance Bank Limited,"471,805",
272,APOLLOTYRE,Apollo Tyres Limited,"454,208",
273,CHAMBLFERT,Chambal Fertilizers & Chemicals Limited,"451,377",
274,BLUESTARCO,Blue Star Limited,"442,514",
275,VSTIND,VST Industries Limited,"428,042",
276,RATNAMANI,Ratnamani Metals & Tubes Limited,"424,010",
277,PERSISTENT,Persistent Systems Limited,"421,064",
278,CHALET,Chalet Hotels Limited,"420,606",
279,CARBORUNIV,Carborundum Universal Limited,"420,202",
280,GALAXYSURF,Galaxy Surfactants Limited,"417,817",
281,ORIENTELEC,Orient Electric Limited,"416,732",
282,DIXON,Dixon Technologies (India) Limited,"414,194",
283,LINDEINDIA,Linde India Limited,"413,884",
284,IBULHSGFIN,Indiabulls Housing Finance Limited,"413,678",
285,JBCHEPHARM,JB Chemicals & Pharmaceuticals Limited,"408,405",
286,MRPL,Mangalore Refinery and Petrochemicals Limited,"405,727",
287,AVANTIFEED,Avanti Feeds Limited,"400,903",
288,HUDCO,Housing & Urban Development Corporation Limited,"400,380",
289,JUBILANT,Jubilant Life Sciences Limited,"396,929",
290,FRETAIL,Future Retail Limited,"393,535",
291,TATAELXSI,Tata Elxsi Limited,"391,781",
292,AMBER,Amber Enterprises India Limited,"386,934",
293,IEX,Indian Energy Exchange Limited,"383,283",
294,ASAHIINDIA,Asahi India Glass Limited,"379,585",
295,ENGINERSIN,Engineers India Limited,"379,463",
296,SPANDANA,Spandana Sphoorty Financial Limited,"377,008",
297,EIHOTEL,EIH Limited,"376,093",
298,CANFINHOME,Can Fin Homes Limited,"371,567",
299,KIOCL,KIOCL Limited,"368,180",
300,GMMPFAUDLR,GMM Pfaudler Limited,"367,309",
301,GRANULES,Granules India Limited,"365,227",
302,VTL,Vardhman Textiles Limited,"359,403",
303,EDELWEISS,Edelweiss Financial Services Limited,"358,672",
304,IRCON,Ircon International Limited,"358,384",
305,RADICO,Radico Khaitan Limited,"357,804",
306,COCHINSHIP,Cochin Shipyard Limited,"350,358",
307,LAURUSLABS,Laurus Labs Limited,"347,258",
308,NESCO,Nesco Limited,"344,655",
309,RALLIS,Rallis India Limited,"341,682",
310,VIPIND,VIP Industries Limited,"339,374",
311,BDL,Bharat Dynamics Limited,"339,345",
312,JYOTHYLAB,Jyothy Labs Limited,"338,566",
313,DCMSHRIRAM,DCM Shriram Limited,"335,588",
314,TATAINVEST,Tata Investment Corporation Limited,"335,548",
315,MIDHANI,Mishra Dhatu Nigam Limited,"335,058",
316,FDC,FDC Limited,"333,312",
317,CENTURYTEX,Century Textiles & Industries Limited,"330,731",
318,INDIACEM,The India Cements Limited,"328,026",
319,HEIDELBERG,HeidelbergCement India Limited,"321,451",
320,CEATLTD,CEAT Limited,"320,749",
321,BIRLACORPN,Birla Corporation Limited,"319,611",
322,GEPIL,GE Power India Limited,"319,330",
323,POWERINDIA,ABB Power Products and Systems India Limited,"317,735",
324,KRBL,KRBL Limited,"317,306",
325,QUESS,Quess Corp Limited,"314,419",
326,FLUOROCHEM,Gujarat Fluorochemicals Limited,"314,171",
327,FINCABLES,Finolex Cables Limited,"311,614",
328,APLAPOLLO,APL Apollo Tubes Limited,"310,008",
329,SUNTECK,Sunteck Realty Limited,"307,397",
330,BAJAJELEC,Bajaj Electricals Limited,"305,384",
331,GESHIP,The Great Eastern Shipping Company Limited,"302,457",
332,SUNCLAYLTD,Sundaram Clayton Limited,"301,913",
333,CERA,Cera Sanitaryware Limited,"300,624",
334,CGCL,Capri Global Capital Limited,"299,130",
335,DCBBANK,DCB Bank Limited,"294,084",
336,NBCC,NBCC (India) Limited,"293,400",
337,GPPL,Gujarat Pipavav Port Limited,"291,273",
338,DBL,Dilip Buildcon Limited,"288,653",
339,STAR,Strides Pharma Science Limited,"288,494",
340,MASFIN,MAS Financial Services Limited,"286,593",
341,KALPATPOWR,Kalpataru Power Transmission Limited,"282,588",
342,STARCEMENT,Star Cement Limited,"281,070",
343,OMAXE,Omaxe Limited,"279,289",
344,TEAMLEASE,Teamlease Services Limited,"278,182",
345,KNRCON,KNR Constructions Limited,"276,313",
346,PNBHOUSING,PNB Housing Finance Limited,"272,685",
347,INOXLEISUR,INOX Leisure Limited,"270,207",
348,TV18BRDCST,TV18 Broadcast Limited,"267,440",
349,REDINGTON,Redington (India) Limited,"266,910",
350,RVNL,Rail Vikas Nigam Limited,"266,883",
351,BRIGADE,Brigade Enterprises Limited,"265,925",
352,INDIANB,Indian Bank,"262,393",
353,THYROCARE,Thyrocare Technologies Limited,"262,359",
354,TECHNOE,Techno Electric & Engineering Company Limited,"261,800",
355,MAHINDCIE,Mahindra CIE Automotive Limited,"260,570",
356,VMART,V-Mart Retail Limited,"258,053",
357,GULFOILLUB,Gulf Oil Lubricants India Limited,"257,910",
358,SUDARSCHEM,Sudarshan Chemical Industries Limited,"257,733",
359,STRTECH,Sterlite Technologies Limited,"257,676",
360,AFFLE,Affle (India) Limited,"256,353",
361,SUVENPHAR,Suven Pharmaceuticals Limited,"255,901",
362,SPARC,Sun Pharma Advanced Research Company Limited,"252,724",
363,CYIENT,Cyient Limited,"252,164",
364,GRAPHITE,Graphite India Limited,"248,615",
365,VAIBHAVGBL,Vaibhav Global Limited,"247,807",
366,CENTURYPLY,Century Plyboards (India) Limited,"246,501",
367,SWANENERGY,Swan Energy Limited,"246,211",
368,EIDPARRY,EID Parry India Limited,"246,112",
369,LAXMIMACH,Lakshmi Machine Works Limited,"245,821",
370,ALKYLAMINE,Alkyl Amines Chemicals Limited,"245,430",
371,MOIL,MOIL Limited,"243,142",
372,PNCINFRA,PNC Infratech Limited,"241,147",
373,KEI,KEI Industries Limited,"240,185",
374,LUXIND,Lux Industries Limited,"238,628",
375,HATHWAY,Hathway Cable & Datacom Limited,"238,079",
376,FLFL,Future Lifestyle Fashions Limited,"237,509",
377,IIFL,IIFL Finance Limited,"237,178",
378,IDFC,IDFC Limited,"237,059",
379,CCL,CCL Products (India) Limited,"235,992",
380,GARFIBRES,Garware Technical Fibres Limited,"235,068",
381,MAHSCOOTER,Maharashtra Scooters Limited,"234,337",
382,KPRMILL,K.P.R. Mill Limited,"232,681",
383,JKLAKSHMI,JK Lakshmi Cement Limited,"230,633",
384,TASTYBITE,Tasty Bite Eatables Limited,"230,261",
385,INDOSTAR,IndoStar Capital Finance Limited,"229,100",
386,BALRAMCHIN,Balrampur Chini Mills Limited,"228,910",
387,INFIBEAM,Infibeam Avenues Limited,"225,988",
388,CDSL,Central Depository Services (India) Limited,"224,048",
389,BHARATRAS,Bharat Rasayan Limited,"219,218",
390,WELSPUNIND,Welspun India Limited,"217,021",
391,RESPONIND,Responsive Industries Limited,"216,600",
392,TRIDENT,Trident Limited,"216,578",
393,KSCL,Kaveri Seed Company Limited,"215,839",
394,CAPLIPOINT,Caplin Point Laboratories Limited,"213,615",
395,VAKRANGEE,Vakrangee Limited,"210,822",
396,TCIEXP,TCI Express Limited,"209,651",
397,ICRA,ICRA Limited,"206,990",
398,POLYMED,Poly Medicure Limited,"205,636",
399,CSBBANK,CSB Bank Limited,"204,765",
400,TCNSBRANDS,TCNS Clothing Co. Limited,"201,986",
401,SHILPAMED,Shilpa Medicare Limited,"199,456",
402,ZENSARTECH,Zensar Technologies Limited,"198,245",
403,HINDCOPPER,Hindustan Copper Limited,"197,071",
404,BAJAJCON,Bajaj Consumer Care Limited,"195,409",
405,INGERRAND,Ingersoll Rand (India) Limited,"194,964",
406,INDOCO,Indoco Remedies Limited,"193,884",
407,NETWORK18,Network18 Media & Investments Limited,"192,115",
408,SEQUENT,Sequent Scientific Limited,"192,066",
409,WOCKPHARMA,Wockhardt Limited,"191,184",
410,JUSTDIAL,Just Dial Limited,"190,366",
411,FSL,Firstsource Solutions Limited,"190,327",
412,TRITURBINE,Triveni Turbine Limited,"189,134",
413,BEML,BEML Limited,"188,087",
414,RAIN,Rain Industries Limited,"187,849",
415,IRB,IRB Infrastructure Developers Limited,"187,147",
416,HEG,HEG Limited,"186,802",
417,MHRIL,Mahindra Holidays & Resorts India Limited,"186,641",
418,IBREALEST,Indiabulls Real Estate Limited,"185,730",
419,MMTC,MMTC Limited,"184,500",
420,GET&D,GE T&D India Limited,"184,097",
421,UJJIVAN,Ujjivan Financial Services Limited,"180,467",
422,TATASTLBSL,Tata Steel Bsl Limited,"179,871",
423,FMGOETZE,Federal-Mogul Goetze (India) Limited.,"179,441",
424,GNFC,Gujarat Narmada Valley Fertilizers and Chemicals Limited,"178,265",
425,ELGIEQUIP,Elgi Equipments Limited,"177,548",
426,DELTACORP,Delta Corp Limited,"177,058",
427,SCI,Shipping Corporation Of India Limited,"174,675",
428,LEMONTREE,Lemon Tree Hotels Limited,"174,294",
429,SONATSOFTW,Sonata Software Limited,"172,672",
430,VARROC,Varroc Engineering Limited,"172,087",
431,BSOFT,BIRLASOFT LIMITED,"168,766",
432,SHOPERSTOP,Shoppers Stop Limited,"168,589",
433,ESABINDIA,Esab India Limited,"167,184",
434,VESUVIUS,Vesuvius India Limited,"165,322",
435,MAXINDIA,Max India Limited,"163,886",
436,GUJALKALI,Gujarat Alkalies and Chemicals Limited,"163,783",
437,LAOPALA,La Opala RG Limited,"163,781",
438,MAHLOG,Mahindra Logistics Limited,"162,019",
439,WELCORP,Welspun Corp Limited,"161,869",
440,FAIRCHEM,Fairchem Speciality Limited,"161,524",
441,KARURVYSYA,Karur Vysya Bank Limited,"161,428",
442,GREAVESCOT,Greaves Cotton Limited,"160,804",
443,JSWHL,JSW Holdings Limited,"160,384",
444,ADVENZYMES,Advanced Enzyme Technologies Limited,"159,139",
445,SUPRAJIT,Suprajit Engineering Limited,"157,496",
446,SCHNEIDER,Schneider Electric Infrastructure Limited,"157,091",
447,GRSE,Garden Reach Shipbuilders & Engineers Limited,"156,478",
448,RCF,Rashtriya Chemicals and Fertilizers Limited,"156,404",
449,DHANUKA,Dhanuka Agritech Limited,"154,725",
450,PRSMJOHNSN,Prism Johnson Limited,"152,265",
451,NILKAMAL,Nilkamal Limited,"148,882",
452,KSB,Ksb Limited,"147,951",
453,NAVNETEDUL,Navneet Education Limited,"147,736",
454,PAPERPROD,Huhtamaki PPL Limited,"147,721",
455,JINDALSAW,Jindal Saw Limited,"146,447",
456,EQUITAS,Equitas Holdings Limited,"145,767",
457,GSFC,Gujarat State Fertilizers & Chemicals Limited,"145,644",
458,DEN,Den Networks Limited,"144,599",
459,TCI,Transport Corporation of India Limited,"144,472",
460,RAYMOND,Raymond Limited,"144,194",
461,ALLCARGO,Allcargo Logistics Limited,"143,609",
462,ORIENTREF,Orient Refractories Limited,"140,743",
463,FCONSUMER,Future Consumer Limited,"140,237",
464,VRLLOG,VRL Logistics Limited,"139,490",
465,DBCORP,D.B.Corp Limited,"139,258",
466,BALMLAWRIE,Balmer Lawrie & Company Limited,"135,863",
467,ECLERX,eClerx Services Limited,"135,137",
468,JAGRAN,Jagran Prakashan Limited,"135,016",
469,BSE,BSE Limited,"133,632",
470,JKPAPER,JK Paper Limited,"132,791",
471,MINDACORP,Minda Corporation Limited,"131,107",
472,KTKBANK,The Karnataka Bank Limited,"130,720",
473,MAHSEAMLES,Maharashtra Seamless Limited,"129,711",
474,ACCELYA,Accelya Solutions India Limited,"127,321",
475,SOBHA,Sobha Limited,"126,951",
476,KIRLOSENG,Kirloskar Oil Engines Limited,"125,669",
477,SUPPETRO,Supreme Petrochem Limited,"125,549",
478,SWSOLAR,Sterling And Wilson Solar Limited,"123,477",
479,HSCL,Himadri Speciality Chemical Limited,"123,308",
480,GAEL,Gujarat Ambuja Exports Limited,"120,114",
481,GREENLAM,Greenlam Industries Limited,"119,982",
482,VENKEYS,Venky's (India) Limited,"118,996",
483,JSL,Jindal Stainless Limited,"117,424",
484,AARTIDRUGS,Aarti Drugs Limited,"117,036",
485,PSPPROJECT,PSP Projects Limited,"117,018",
486,DIAMONDYD,Prataap Snacks Limited,"116,608",
487,NIITLTD,NIIT Limited,"116,320",
488,HFCL,HFCL Limited,"116,236",
489,ASHOKA,Ashoka Buildcon Limited,"116,079",
490,SOLARA,Solara Active Pharma Sciences Limited,"115,762",
491,ARVINDFASN,Arvind Fashions Limited,"115,269",
492,AHLUCONT,Ahluwalia Contracts (India) Limited,"114,951",
493,PTC,PTC India Limited,"114,703",
494,HGINFRA,H.G. Infra Engineering Limited,"113,104",
495,PRINCEPIPE,Prince Pipes And Fittings Limited,"112,941",
496,NCC,NCC Limited,"112,621",
497,FACT,Fertilizers and Chemicals Travancore Limited,"112,354",
498,TIDEWATER,Tide Water Oil Company (India) Limited,"111,771",
499,ITDC,India Tourism Development Corporation Limited,"111,028",
500,APARINDS,Apar Industries Limited,"110,290",
501,SWARAJENG,Swaraj Engines Limited,"109,805",
502,UNICHEMLAB,Unichem Laboratories Limited,"109,727",
503,NOCIL,NOCIL Limited,"108,963",
504,BANARISUG,Bannari Amman Sugars Limited,"108,807",
505,PHILIPCARB,Phillips Carbon Black Limited,"108,056",
506,IFBIND,IFB Industries Limited,"107,942",
507,SHK,S H Kelkar and Company Limited,"107,545",
508,HGS,Hinduja Global Solutions Limited,"105,274",
509,TATACOFFEE,Tata Coffee Limited,"104,872",
510,BLISSGVS,Bliss GVS Pharma Limited,"103,920",
511,SUZLON,Suzlon Energy Limited,"103,736",
512,SOUTHBANK,The South Indian Bank Limited,"103,154",
513,GDL,Gateway Distriparks Limited,"102,965",
514,MAITHANALL,Maithan Alloys Limited,"102,414",
515,PRAJIND,Praj Industries Limited,"100,700",
516,GMDCLTD,Gujarat Mineral Development Corporation Limited,"100,329",
517,RSYSTEMS,R Systems International Limited,"100,302",
518,IOLCP,IOL Chemicals and Pharmaceuticals Limited,"100,065",
519,JKTYRE,JK Tyre & Industries Limited,"99,970",
520,UFLEX,UFLEX Limited,"99,941",
521,GREENPLY,Greenply Industries Limited,"99,390",
522,TVTODAY,TV Today Network Limited,"99,246",
523,IIFLSEC,IIFL Securities Limited,"99,122",
524,RAMCOIND,Ramco Industries Limited,"98,969",
525,MAHLIFE,Mahindra Lifespace Developers Limited,"98,815",
526,HERITGFOOD,Heritage Foods Limited,"98,596",
527,SHARDACROP,Sharda Cropchem Limited,"96,807",
528,KPITTECH,KPIT Technologies Limited,"96,636",
529,JTEKTINDIA,Jtekt India Limited,"96,448",
530,AMRUTANJAN,Amrutanjan Health Care Limited,"96,446",
531,CARERATING,CARE Ratings Limited,"96,441",
532,POLYPLEX,Polyplex Corporation Limited,"95,970",
533,JAMNAAUTO,Jamna Auto Industries Limited,"94,834",
534,BOMDYEING,Bombay Dyeing & Mfg Company Limited,"94,593",
535,MEGH,Meghmani Organics Limited,"94,223",
536,JSLHISAR,Jindal Stainless (Hisar) Limited,"93,548",
537,ATFL,Agro Tech Foods Limited,"93,164",
538,TATAMETALI,Tata Metaliks Limited,"93,158",
539,RUPA,Rupa & Company Limited,"91,970",
540,KIRIINDUS,Kiri Industries Limited,"91,734",
541,ORIENTCEM,Orient Cement Limited,"91,576",
542,KOLTEPATIL,Kolte - Patil Developers Limited,"91,130",
543,INEOSSTYRO,INEOS Styrolution India Limited,"90,962",
544,TATASTLLP,Tata Steel Long Products Limited,"90,798",
545,ALEMBICLTD,Alembic Limited,"90,772",
546,TRIVENI,Triveni Engineering & Industries Limited,"90,252",
547,GFLLIMITED,GFL Limited,"90,187",
548,CHENNPETRO,Chennai Petroleum Corporation Limited,"90,166",
549,JAICORPLTD,Jai Corp Limited,"90,117",
550,THOMASCOOK,Thomas Cook  (India)  Limited,"90,030",
551,NFL,National Fertilizers Limited,"90,021",
552,SAFARI,Safari Industries (India) Limited,"89,767",
553,SHRIPISTON,Shriram Pistons & Rings Limited,"89,265",
554,RENUKA,Shree Renuka Sugars Limited,"89,132",
555,VOLTAMP,Voltamp Transformers Limited,"89,036",
556,PILANIINVS,Pilani Investment and Industries Corporation Limited,"88,950",
557,JINDALPOLY,Jindal Poly Films Limited,"88,142",
558,GHCL,GHCL Limited,"87,557",
559,DFMFOODS,DFM Foods Limited,"87,514",
560,WSTCSTPAPR,West Coast Paper Mills Limited,"86,491",
561,DCAL,Dishman Carbogen Amcis Limited,"86,104",
562,SOTL,Savita Oil Technologies Limited,"85,918",
563,HIKAL,Hikal Limited,"85,879",
564,BFINVEST,BF Investment Limited,"85,430",
565,SUBROS,Subros Limited,"85,263",
566,HONDAPOWER,Honda Siel Power Products Limited,"85,242",
567,PURVA,Puravankara Limited,"83,832",
568,BALAMINES,Balaji Amines Limited,"81,521",
569,LUMAXIND,Lumax Industries Limited,"81,096",
570,WHEELS,Wheels India Limited,"80,869",
571,NEOGEN,Neogen Chemicals Limited,"79,606",
572,SANDHAR,Sandhar Technologies Limited,"79,452",
573,TINPLATE,The Tinplate Company of India Limited,"79,390",
574,WONDERLA,Wonderla Holidays Limited,"78,900",
575,HESTERBIO,Hester Biosciences Limited,"78,301",
576,KKCL,Kewal Kiran Clothing Limited,"77,469",
577,PSB,Punjab & Sind Bank,"77,116",
578,PFOCUS,Prime Focus Limited,"76,608",
579,GABRIEL,Gabriel India Limited,"76,562",
580,ASTEC,Astec LifeSciences Limited,"75,973",
581,GIPCL,Gujarat Industries Power Company Limited,"75,474",
582,DISHTV,Dish TV India Limited,"74,571",
583,NEWGEN,Newgen Software Technologies Limited,"73,726",
584,PDSMFL,PDS Multinational Fashions Limited,"73,478",
585,REPCOHOME,Repco Home Finance Limited,"73,416",
586,MAJESCO,Majesco Limited,"72,623",
587,INTELLECT,Intellect Design Arena Limited,"71,943",
588,TANLA,Tanla Solutions Limited,"70,681",
589,J&KBANK,The Jammu & Kashmir Bank Limited,"69,329",
590,SIYSIL,Siyaram Silk Mills Limited,"69,086",
591,PAISALO,Paisalo Digital Limited,"69,042",
592,KIRLOSBROS,Kirloskar Brothers Limited,"68,927",
593,IFCI,IFCI Limited,"68,688",
594,SEAMECLTD,Seamec Limited,"68,660",
595,TVSSRICHAK,TVS Srichakra Limited,"68,332",
596,MAYURUNIQ,Mayur Uniquoters Ltd,"67,946",
597,AGCNET,AGC Networks Limited,"67,430",
598,DEEPAKFERT,Deepak Fertilizers and Petrochemicals Corporation Limited,"67,097",
599,PANACEABIO,Panacea Biotec Limited,"66,916",
600,SAGCEM,Sagar Cements Limited,"66,827",
601,SESHAPAPER,Seshasayee Paper and Boards Limited,"66,095",
602,INDIAGLYCO,India Glycols Limited,"65,902",
603,JBMA,JBM Auto Limited,"65,887",
604,HCG,Healthcare Global Enterprises Limited,"65,701",
605,SATIA,Satia Industries Limited,"65,200",
606,TAJGVK,Taj GVK Hotels & Resorts Limited,"64,833",
607,INSECTICID,Insecticides (India) Limited,"64,556",
608,DAAWAT,LT Foods Limited,"63,809",
609,EIHAHOTELS,EIH Associated Hotels Limited,"63,541",
610,MATRIMONY,Matrimony.Com Limited,"63,065",
611,GOCLCORP,GOCL Corporation Limited,"62,957",
612,SUNDARMHLD,Sundaram Finance Holdings Limited,"62,784",
613,JINDWORLD,Jindal Worldwide Limited,"62,161",
614,DOLLAR,Dollar Industries Limited,"62,161",
615,RTNPOWER,RattanIndia Power Limited,"61,619",
616,TNPL,Tamil Nadu Newsprint & Papers Limited,"61,563",
617,NBVENTURES,Nava Bharat Ventures Limited,"60,266",
618,DPSCLTD,DPSC Limited,"59,888",
619,HCC,Hindustan Construction Company Limited,"59,765",
620,SPENCERS,Spencer's Retail Limited,"59,054",
621,WELENT,Welspun Enterprises Limited,"59,012",
622,TAKE,Take Solutions Limited,"58,656",
623,HIMATSEIDE,Himatsingka Seide Limited,"58,631",
624,ANANTRAJ,Anant Raj Limited,"58,429",
625,INDIANHUME,Indian Hume Pipe Company Limited,"58,064",
626,AUTOAXLES,Automotive Axles Limited,"58,038",
627,IGARASHI,Igarashi Motors India Limited,"58,024",
628,JMCPROJECT,JMC Projects (India)  Limited,"57,927",
629,VSTTILLERS,V.S.T Tillers Tractors Limited,"57,751",
630,EXCELINDUS,Excel Industries Limited,"57,669",
631,FOSECOIND,Foseco India Limited,"57,596",
632,IMPAL,India Motor Parts and Accessories Limited,"57,445",
633,KITEX,Kitex Garments Limited,"57,390",
634,ENIL,Entertainment Network (India) Limited,"57,181",
635,NRBBEARING,NRB Bearing Limited,"57,136",
636,SASKEN,Sasken Technologies Limited,"57,111",
637,JKIL,J.Kumar Infraprojects Limited,"56,938",
638,MARKSANS,Marksans Pharma Limited,"56,895",
639,GMBREW,GM Breweries Limited,"56,496",
640,TIMETECHNO,Time Technoplast Limited,"56,424",
641,ANDHRAPAP,ANDHRA PAPER LIMITED,"56,314",
642,ORISSAMINE,The Orissa Minerals Development Company Limited,"56,196",
643,OCCL,Oriental Carbon & Chemicals Limited,"55,820",
644,MSTCLTD,Mstc Limited,"55,792",
645,KSL,Kalyani Steels Limited,"55,614",
646,SSWL,Steel Strips Wheels Limited,"55,273",
647,KCP,KCP Limited,"55,178",
648,DHAMPURSUG,Dhampur Sugar Mills Limited,"54,670",
649,ALOKINDS,Alok Industries Limited,"54,404",
650,BFUTILITIE,BF Utilities Limited,"54,317",
651,PRABHAT,Prabhat Dairy Limited,"53,820",
652,PARAGMILK,Parag Milk Foods Limited,"53,707",
653,GALLISPAT,Gallantt Ispat Limited,"53,649",
654,GATI,GATI Limited,"53,166",
655,SNOWMAN,Snowman Logistics Limited,"52,716",
656,APEX,Apex Frozen Foods Limited,"52,672",
657,CLNINDIA,Clariant Chemicals (India) Limited,"52,465",
658,CIGNITITEC,Cigniti Technologies Limited,"52,394",
659,TEXRAIL,Texmaco Rail & Engineering Limited,"52,179",
660,NUCLEUS,Nucleus Software Exports Limited,"52,172",
661,QUICKHEAL,Quick Heal Technologies Limited,"51,909",
662,BODALCHEM,Bodal Chemicals Limited,"51,868",
663,SRIPIPES,Srikalahasthi Pipes Limited,"51,625",
664,RADIOCITY,Music Broadcast Limited,"51,507",
665,NXTDIGITAL,NXTDIGITAL LIMITED,"51,430",
666,VINDHYATEL,Vindhya Telelinks Limited,"51,397",
667,ITDCEM,ITD Cementation India Limited,"51,107",
668,LGBBROSLTD,LG Balakrishnan & Bros Limited,"51,060",
669,ASHIANA,Ashiana Housing Limited,"50,971",
670,ARVIND,Arvind Limited,"50,848",
671,PFS,PTC India Financial Services Limited,"50,740",
672,SIRCA,Sirca Paints India Limited,"50,712",
673,SHANKARA,Shankara Building Products Limited,"50,623",
674,SHANTIGEAR,Shanthi Gears Limited,"50,326",
675,SHALBY,Shalby Limited,"49,847",
676,CAPACITE,Capacit'e Infraprojects Limited,"49,832",
677,RKFORGE,Ramkrishna Forgings Limited,"49,828",
678,RELIGARE,Religare Enterprises Limited,"49,173",
679,SHIL,Somany Home Innovation Limited,"49,125",
680,USHAMART,Usha Martin Limited,"48,759",
681,ASIANTILES,Asian Granito India Limited,"48,697",
682,ANDHRSUGAR,The Andhra Sugars Limited,"47,993",
683,MOLDTKPAC,Mold-Tek Packaging Limited,"47,924",
684,SADBHIN,Sadbhav Infrastructure Project Limited,"47,903",
685,BEPL,Bhansali Engineering Polymers Limited,"47,864",
686,STERTOOLS,Sterling Tools Limited,"47,696",
687,MAXVIL,Max Ventures and Industries Limited,"47,646",
688,POWERMECH,Power Mech Projects Limited,"47,626",
689,SANGHIIND,Sanghi Industries Limited,"47,314",
690,CAMLINFINE,Camlin Fine Sciences Limited,"47,289",
691,HIL,HIL Limited,"47,128",
692,ICIL,Indo Count Industries Limited,"46,981",
693,HBLPOWER,HBL Power Systems Limited,"46,980",
694,GTPL,GTPL Hathway Limited,"46,953",
695,BANCOINDIA,Banco Products (I) Limited,"46,523",
696,SADBHAV,Sadbhav Engineering Limited,"46,496",
697,RANEHOLDIN,Rane Holdings Limited,"46,032",
698,HINDOILEXP,Hindustan Oil Exploration Company Limited,"45,972",
699,FSC,Future Supply Chain Solutions Limited,"45,880",
700,MAGMA,Magma Fincorp Limited,"45,804",
701,MASTEK,Mastek Limited,"45,754",
702,OAL,Oriental Aromatics Limited,"45,533",
703,PCJEWELLER,PC Jeweller Limited,"45,228",
704,WABAG,VA Tech Wabag Limited,"45,038",
705,ASTRAMICRO,Astra Microwave Products Limited,"44,951",
706,TTKHLTCARE,TTK Healthcare Limited,"44,934",
707,TIIL,Technocraft Industries (India) Limited,"44,533",
708,MIRZAINT,Mirza International Limited,"44,333",
709,KINGFA,Kingfa Science & Technology (India) Limited,"44,276",
710,SUNFLAG,Sunflag Iron And Steel Company Limited,"43,613",
711,KIRLOSIND,Kirloskar Industries Limited,"43,495",
712,SMLISUZU,SML Isuzu Limited,"43,437",
713,GEOJITFSL,Geojit Financial Services Limited,"43,371",
714,AIONJSW,Monnet Ispat & Energy Limited,"43,198",
715,PNBGILTS,PNB Gilts Limited,"43,112",
716,MOREPENLAB,Morepen Laboratories Limited,"42,923",
717,INDNIPPON,India Nippon Electricals Limited,"42,902",
718,SARDAEN,Sarda Energy & Minerals Limited,"42,358",
719,KICL,Kalyani Investment Company Limited,"41,710",
720,MUTHOOTCAP,Muthoot Capital Services Limited,"41,292",
721,EBIXFOREX,EBIXCASH WORLD MONEY INDIA LIMITED,"41,168",
722,JPPOWER,Jaiprakash Power Ventures Limited,"41,043",
723,MANINFRA,Man Infraconstruction Limited,"40,961",
724,INOXWIND,Inox Wind Limited,"40,833",
725,DREDGECORP,Dredging Corporation of India Limited,"40,726",
726,KOKUYOCMLN,Kokuyo Camlin Limited,"40,523",
727,COSMOFILMS,Cosmo Films Limited,"40,445",
728,CONFIPET,Confidence Petroleum India Limited,"40,391",
729,OLECTRA,Olectra Greentech Limited,"40,384",
730,MMFL,MM Forgings Limited,"40,375",
731,ELECTCAST,Electrosteel Castings Limited,"40,265",
732,APCOTEXIND,Apcotex Industries Limited,"40,102",
733,MANGLMCEM,Mangalam Cement Limited,"40,041",
734,ZEELEARN,Zee Learn Limited,"39,620",
735,REPRO,Repro India Limited,"39,543",
736,TEXINFRA,Texmaco Infrastructure & Holdings Limited,"39,439",
737,FEL,Future Enterprises Limited,"39,351",
738,FILATEX,Filatex India Limited,"39,214",
739,DALMIASUG,Dalmia Bharat Sugar and Industries Limited,"39,094",
740,HMT,HMT Limited,"39,092",
741,SOMANYCERA,Somany Ceramics Limited,"38,989",
742,MPSLTD,MPS Limited,"38,956",
743,ACE,Action Construction Equipment Limited,"38,868",
744,RGL,Renaissance Global Limited,"38,505",
745,PUNJABCHEM,Punjab Chemicals & Crop Protection Limited,"38,221",
746,BALAJITELE,Balaji Telefilms Limited,"38,177",
747,IBULISL,Indiabulls Integrated Services Limited,"38,142",
748,MTNL,Mahanagar Telephone Nigam Limited,"38,115",
749,CENTRUM,Centrum Capital Limited,"37,651",
750,GUFICBIO,Gufic Biosciences Limited,"37,242",
751,LAKSHVILAS,Lakshmi Vilas Bank Limited,"36,886",
752,GPIL,Godawari Power And Ispat limited,"36,875",
753,THEINVEST,The Investment Trust Of India Limited,"36,839",
754,EVEREADY,Eveready Industries India Limited,"36,671",
755,NACLIND,NACL Industries Limited,"36,665",
756,NEULANDLAB,Neuland Laboratories Limited,"36,302",
757,TIRUMALCHM,Thirumalai Chemicals Limited,"36,245",
758,AVTNPL,AVT Natural Products Limited,"36,015",
759,GENUSPOWER,Genus Power Infrastructures Limited,"35,902",
760,GANECOS,Ganesha Ecosphere Limited,"35,888",
761,WENDT,Wendt (India) Limited,"35,631",
762,GVKPIL,GVK Power & Infrastructure Limited,"35,532",
763,XCHANGING,Xchanging Solutions Limited,"35,482",
764,PATELENG,Patel Engineering Limited,"35,478",
765,TTML,Tata Teleservices (Maharashtra) Limited,"35,189",
766,GREENPANEL,Greenpanel Industries Limited,"35,071",
767,RPOWER,Reliance Power Limited,"35,064",
768,ARMANFIN,Arman Financial Services Limited,"35,026",
769,SANDESH,The Sandesh Limited,"34,702",
770,NBIFIN,N. B. I. Industrial Finance Company Limited,"34,658",
771,PRICOLLTD,Pricol Limited,"34,601",
772,BORORENEW,BOROSIL RENEWABLES LIMITED,"34,419",
773,SURYAROSNI,Surya Roshni Limited,"34,223",
774,ADFFOODS,ADF Foods Limited,"34,039",
775,SAREGAMA,Saregama India Limited,"34,031",
776,LUMAXTECH,Lumax Auto Technologies Limited,"33,977",
777,SHREDIGCEM,Shree Digvijay Cement Co.Ltd,"33,576",
778,PRAKASH,Prakash Industries Limited,"33,396",
779,APTECHT,Aptech Limited,"33,311",
780,FIEMIND,Fiem Industries Limited,"33,308",
781,SHARDAMOTR,Sharda Motor Industries Limited,"33,258",
782,ANUP,The Anup Engineering Limited,"33,245",
783,BHAGERIA,Bhageria Industries Limited,"33,017",
784,CANTABIL,Cantabil Retail India Limited,"32,867",
785,AHLWEST,Asian Hotels (West) Limited,"32,851",
786,UNITECH,Unitech Limited,"32,704",
787,IFGLEXPOR,IFGL Refractories Limited,"32,652",
788,CENTUM,Centum Electronics Limited,"32,579",
789,THANGAMAYL,Thangamayil Jewellery Limited,"32,522",
790,SATIN,Satin Creditcare Network Limited,"32,446",
791,VADILALIND,Vadilal Industries Limited,"32,281",
792,BBL,Bharat Bijlee Limited,"32,188",
793,SUTLEJTEX,Sutlej Textiles and Industries Limited,"32,110",
794,APOLLOPIPE,Apollo Pipes Limited,"32,098",
795,ZOTA,Zota Health Care LImited,"31,990",
796,GICHSGFIN,GIC Housing Finance Limited,"31,988",
797,CGPOWER,CG Power and Industrial Solutions Limited,"31,651",
798,CESCVENT,CESC Ventures Limited,"31,270",
799,SREEL,Sreeleathers Limited,"31,180",
800,DWARKESH,Dwarikesh Sugar Industries Limited,"31,164",
801,INDRAMEDCO,Indraprastha Medical Corporation Limited,"31,077",
802,RIIL,Reliance Industrial Infrastructure Limited,"30,895",
803,ORIENTHOT,Oriental Hotels Limited,"30,808",
804,GTLINFRA,GTL Infrastructure Limited,"30,798",
805,NELCO,NELCO Limited,"30,782",
806,ORIENTPPR,Orient Paper & Industries Limited,"30,767",
807,ATULAUTO,Atul Auto Limited,"30,578",
808,CONTROLPR,Control Print Limited,"30,418",
809,GNA,GNA Axles Limited,"30,288",
810,AMBIKCO,Ambika Cotton Mills Limited,"30,225",
811,NSIL,Nalwa Sons Investments Limited,"30,129",
812,BAJAJHIND,Bajaj Hindusthan Sugar Limited,"30,039",
813,IMFA,Indian Metals & Ferro Alloys Limited,"29,985",
814,SUMMITSEC,Summit Securities Limited,"29,964",
815,EMAMIPAP,Emami Paper Mills Limited,"29,947",
816,BLS,BLS International Services Limited,"29,864",
817,VHL,Vardhman Holdings Limited,"29,826",
818,DYNAMATECH,Dynamatic Technologies Limited,"29,396",
819,TEJASNET,Tejas Networks Limited,"29,391",
820,INDORAMA,Indo Rama Synthetics (India) Limited,"29,375",
821,IGPL,IG Petrochemicals Limited,"29,317",
822,PLASTIBLEN,Plastiblends India Limited,"29,186",
823,HSIL,HSIL Limited,"29,172",
824,5PAISA,5Paisa Capital Limited,"28,828",
825,MANGCHEFER,Mangalore Chemicals & Fertilizers Limited,"28,799",
826,TWL,Titagarh Wagons Limited,"28,786",
827,ASALCBR,Associated Alcohols & Breweries Ltd.,"28,547",
828,RTNINFRA,RattanIndia Infrastructure Limited,"28,337",
829,RPGLIFE,RPG Life Sciences Limited,"28,083",
830,HMVL,Hindustan Media Ventures Limited,"27,926",
831,BRNL,Bharat Road Network Limited,"27,745",
832,MONTECARLO,Monte Carlo Fashions Limited,"27,636",
833,RBL,Rane Brake Lining Limited,"27,556",
834,GKWLIMITED,GKW Limited,"27,506",
835,DECCANCE,Deccan Cements Limited,"27,476",
836,TFCILTD,Tourism Finance Corporation of India Limited,"27,323",
837,SUVEN,Suven Life Sciences Limited,"27,238",
838,DHFL,Dewan Housing Finance Corporation Limited,"27,146",
839,UNIENTER,Uniphos Enterprises Limited,"27,123",
840,RICOAUTO,Rico Auto Industries Limited,"26,922",
841,UNIVCABLES,Universal Cables Limited,"26,919",
842,NAVKARCORP,Navkar Corporation Limited,"26,868",
843,RELINFRA,Reliance Infrastructure Limited,"26,825",
844,SHALPAINTS,Shalimar Paints Limited,"26,716",
845,NELCAST,Nelcast Limited,"26,448",
846,TDPOWERSYS,TD Power Systems Limited,"26,247",
847,KESORAMIND,Kesoram Industries Limited,"26,165",
848,CENTENKA,Century Enka Limited,"26,002",
849,ZUARI,Zuari Agro Chemicals Limited,"25,971",
850,LINCOLN,Lincoln Pharmaceuticals Limited,"25,850",
851,MUNJALAU,Munjal Auto Industries Limited,"25,850",
852,NATHBIOGEN,Nath Bio-Genes (India) Limited,"25,712",
853,JPASSOCIAT,Jaiprakash Associates Limited,"25,541",
854,NRAIL,N R Agarwal Industries Limited,"25,256",
855,ADORWELD,Ador Welding Limited,"25,212",
856,DICIND,DIC India Limited,"24,907",
857,KUANTUM,Kuantum Papers Limited,"24,905",
858,HINDNATGLS,Hindusthan National Glass & Industries Limited,"24,762",
859,GANDHITUBE,Gandhi Special Tubes Limited,"24,436",
860,NCLIND,NCL Industries Limited,"24,380",
861,HARITASEAT,Harita Seating Systems Limited,"24,368",
862,GLOBUSSPR,Globus Spirits Limited,"24,321",
863,ALICON,Alicon Castalloy Limited,"24,258",
864,DATAMATICS,Datamatics Global Services Limited,"24,199",
865,VISHWARAJ,Vishwaraj Sugar Industries Limited,"24,055",
866,SPIC,Southern Petrochemicals Industries Corporation  Limited,"24,030",
867,ARVSMART,Arvind SmartSpaces Limited,"24,016",
868,PGIL,Pearl Global Industries Limited,"23,863",
869,APCL,Anjani Portland Cement Limited,"23,857",
870,AVADHSUGAR,Avadh Sugar & Energy Limited,"23,652",
871,PRECAM,Precision Camshafts Limited,"23,556",
872,MANINDS,Man Industries (India) Limited,"23,412",
873,HTMEDIA,HT Media Limited,"23,275",
874,MUNJALSHOW,Munjal Showa Limited,"23,269",
875,ZODIACLOTH,Zodiac Clothing Company Limited,"23,253",
876,GRAVITA,Gravita India Limited,"23,093",
877,AJMERA,Ajmera Realty & Infra India Limited,"22,959",
878,MEP,MEP Infrastructure Developers Limited,"22,839",
879,VIDHIING,Vidhi Specialty Food Ingredients Limited,"22,800",
880,SMSPHARMA,SMS Pharmaceuticals Limited,"22,771",
881,SHREEPUSHK,Shree Pushkar Chemicals & Fertilisers Limited,"22,598",
882,GIRRESORTS,GIR Natureview Resorts Limited,"22,472",
883,RAMCOSYS,Ramco Systems Limited,"22,444",
884,SHRIRAMEPC,Shriram EPC Limited,"22,345",
885,CAREERP,Career Point Limited,"22,322",
886,TNPETRO,Tamilnadu PetroProducts Limited,"22,313",
887,IFBAGRO,IFB Agro Industries Limited,"22,312",
888,MARINE,Marine Electricals (India) Limited,"22,092",
889,THEMISMED,Themis Medicare Limited,"22,025",
890,NECLIFE,Nectar Lifesciences Limited,"21,978",
891,UFO,UFO Moviez India Limited,"21,802",
892,JAYBARMARU,Jay Bharat Maruti Limited,"21,715",
893,SHAKTIPUMP,Shakti Pumps (India) Limited,"21,670",
894,DLINKINDIA,D-Link (India) Limited,"21,658",
895,VARDHACRLC,Vardhman Acrylics Limited,"21,497",
896,PENIND,Pennar Industries Limited,"21,482",
897,VISAKAIND,Visaka Industries Limited,"21,400",
898,LINCPEN,Linc Pen & Plastics Limited,"21,277",
899,CEREBRAINT,Cerebra Integrated Technologies Limited,"21,268",
900,ELECON,Elecon Engineering Company Limited,"21,262",
901,63MOONS,63 moons technologies limited,"21,219",
902,RUBYMILLS,The Ruby Mills Limited,"21,017",
903,3IINFOTECH,3i Infotech Limited,"21,016",
904,MAHESHWARI,Maheshwari Logistics Limited,"20,807",
905,EVERESTIND,Everest Industries Limited,"20,695",
906,MAHEPC,Mahindra EPC Irrigation Limited,"20,656",
907,DHANBANK,Dhanlaxmi Bank Limited,"20,367",
908,ESTER,Ester Industries Limited,"20,056",
909,GOLDIAM,Goldiam International Limited,"20,038",
910,SANGHVIMOV,Sanghvi Movers Limited,"19,977",
911,HLVLTD,HLV LIMITED,"19,862",
912,PPAP,PPAP Automotive Limited,"19,838",
913,MADRASFERT,Madras Fertilizers Limited,"19,815",
914,CHEMBOND,Chembond Chemicals Ltd,"19,742",
915,UTTAMSUGAR,Uttam Sugar Mills Limited,"19,641",
916,BINDALAGRO,Oswal Chemicals & Fertilizers Limited,"19,261",
917,HIRECT,Hind Rectifiers Limited,"19,139",
918,SKIPPER,Skipper Limited,"19,097",
919,SDBL,Som Distilleries & Breweries Limited,"19,051",
920,MARATHON,Marathon Nextgen Realty Limited,"19,044",
921,TI,Tilaknagar Industries Limited,"18,895",
922,CUPID,Cupid Limited,"18,820",
923,MUKANDLTD,Mukand Limited,"18,807",
924,STCINDIA,The State Trading Corporation of India Limited,"18,570",
925,SASTASUNDR,Sastasundar Ventures Limited,"18,450",
926,PTL,PTL Enterprises Limited,"18,334",
927,MCL,Madhav Copper Limited,"18,267",
928,JAIBALAJI,Jai Balaji Industries Limited,"18,226",
929,ALBERTDAVD,Albert David Limited,"18,180",
930,SREINFRA,SREI Infrastructure Finance Limited,"18,111",
931,EIFFL,Euro India Fresh Foods Limited,"18,104",
932,ARTEMISMED,Artemis Medicare Services Limited,"18,093",
933,RCOM,Reliance Communications Limited,"17,976",
934,NAGAFERT,Nagarjuna Fertilizers and Chemicals Limited,"17,942",
935,MANAKSIA,Manaksia Limited,"17,792",
936,ASHAPURMIN,Ashapura Minechem Limited,"17,789",
937,ALLSEC,Allsec Technologies Limited,"17,600",
938,V2RETAIL,V2 Retail Limited,"17,565",
939,ZENTEC,Zen Technologies Limited,"17,554",
940,SUBEX,Subex Limited,"17,422",
941,RSWM,RSWM Limited,"17,416",
942,MANALIPETC,Manali Petrochemicals Limited,"17,372",
943,MENONBE,Menon Bearings Limited,"17,316",
944,JAYAGROGN,Jayant Agro Organics Limited,"17,295",
945,LIBERTSHOE,Liberty Shoes Limited,"17,287",
946,BUTTERFLY,Butterfly Gandhimathi Appliances Limited,"17,120",
947,PANAMAPET,Panama Petrochem Limited,"17,089",
948,DEEPIND,Deep Industries Limited,"17,056",
949,RML,Rane (Madras) Limited,"17,050",
950,RAMANEWS,Shree Rama Newsprint Limited,"16,965",
951,ZEEMEDIA,Zee Media Corporation Limited,"16,948",
952,ARSHIYA,Arshiya Limited,"16,731",
953,VSSL,Vardhman Special Steels Limited,"16,703",
954,ORBTEXP,Orbit Exports Limited,"16,676",
955,RAJTV,Raj Television Network Limited,"16,664",
956,NDTV,New Delhi Television Limited,"16,408",
957,JISLJALEQS,Jain Irrigation Systems Limited,"16,380",
958,FCL,Fineotex Chemical Limited,"16,361",
959,HERCULES,Hercules Hoists Limited,"16,320",
960,DVL,Dhunseri Ventures Limited,"16,234",
961,HINDCOMPOS,Hindustan Composites Limited,"16,216",
962,NIPPOBATRY,Indo-National Limited,"16,183",
963,UCALFUEL,Ucal Fuel Systems Limited,"16,077",
964,DCW,DCW Limited,"16,022",
965,GAYAPROJ,Gayatri Projects Limited,"16,005",
966,OSIAHYPER,Osia Hyper Retail Limited,"15,955",
967,INFOBEAN,InfoBeans Technologies Limited,"15,922",
968,KARDA,Karda Constructions Limited,"15,898",
969,GALLANTT,Gallantt Metal Limited,"15,858",
970,PRECWIRE,Precision Wires India Limited,"15,796",
971,NITINSPIN,Nitin Spinners Limited,"15,770",
972,THEJO,Thejo Engineering Limited,"15,557",
973,GULFPETRO,GP Petroleums Limited,"15,550",
974,JETAIRWAYS,Jet Airways (India) Limited,"15,506",
975,POKARNA,Pokarna Limited,"15,502",
976,SPAL,S. P. Apparels Limited,"15,480",
977,MSPL,MSP Steel & Power Limited,"15,417",
978,AKASH,Akash Infra-Projects Limited,"15,336",
979,3RDROCK,3rd Rock Multimedia Limited,"15,316",
980,ALANKIT,Alankit Limited,"15,297",
981,KAYA,Kaya Limited,"15,233",
982,GUJAPOLLO,Gujarat Apollo Industries Limited,"15,194",
983,VIPULLTD,Vipul Limited,"15,118",
984,BGRENERGY,BGR Energy Systems Limited,"15,118",
985,ORICONENT,Oricon Enterprises Limited,"14,998",
986,CREST,Crest Ventures Limited,"14,908",
987,ONMOBILE,OnMobile Global Limited,"14,903",
988,MMP,MMP Industries Limited,"14,873",
989,AHLEAST,Asian Hotels (East) Limited,"14,871",
990,KCPSUGIND,KCP Sugar and Industries Corporation Limited,"14,853",
991,HITECHGEAR,The Hi-Tech Gears Limited,"14,789",
992,BCG,Brightcom Group Limited,"14,764",
993,EXPLEOSOL,Expleo Solutions Limited,"14,717",
994,RAMKY,Ramky Infrastructure Limited,"14,670",
995,TCPLPACK,TCPL Packaging Limited,"14,460",
996,MBAPL,Madhya Bharat Agro Products Limited,"14,404",
997,SANGAMIND,Sangam (India) Limited,"14,389",
998,CHEMFAB,Chemfab Alkalis Limited,"14,057",
999,GOKEX,Gokaldas Exports Limited,"13,938",
1000,ADVANIHOTR,Advani Hotels & Resorts (India) Limited,"13,912",
1001,HPL,HPL Electric & Power Limited,"13,857",
1002,KHADIM,Khadim India Limited,"13,801",
1003,ORIENTABRA,Orient Abrasives Limited,"13,699",
1004,OPTIEMUS,Optiemus Infracom Limited,"13,687",
1005,KDDL,KDDL Limited,"13,646",
1006,TIPSINDLTD,TIPS Industries Limited,"13,596",
1007,SAKSOFT,Saksoft Limited,"13,581",
1008,SCHAND,S Chand And Company Limited,"13,570",
1009,ROSSELLIND,Rossell India Limited,"13,559",
1010,SHEMAROO,Shemaroo Entertainment Limited,"13,550",
1011,KABRAEXTRU,Kabra Extrusion Technik Limited,"13,511",
1012,DPABHUSHAN,D. P. Abhushan Limited,"13,486",
1013,SORILINFRA,SORIL Infra Resources Limited,"13,482",
1014,GSCLCEMENT,Gujarat Sidhee Cement Limited,"13,461",
1015,TBZ,Tribhovandas Bhimji Zaveri Limited,"13,413",
1016,OMMETALS,OM Metals Infraprojects Limited,"13,386",
1017,ASIANHOTNR,Asian Hotels (North) Limited,"13,374",
1018,JINDRILL,Jindal Drilling And Industries Limited,"13,273",
1019,SHRENIK,Shrenik Limited,"13,260",
1020,VIMTALABS,Vimta Labs Limited,"13,198",
1021,IITL,Industrial Investment Trust Limited,"13,097",
1022,VASCONEQ,Vascon Engineers Limited,"13,093",
1023,DYNPRO,Dynemic Products Limited,"13,079",
1024,SILVERTUC,Silver Touch Technologies Limited,"13,061",
1025,KREBSBIO,Krebs Biochemicals and Industries Limited,"12,930",
1026,PIONDIST,Pioneer Distilleries Limited,"12,913",
1027,SANGINITA,Sanginita Chemicals Limited,"12,735",
1028,SWELECTES,Swelect Energy Systems Limited,"12,665",
1029,KILITCH,Kilitch Drugs (India) Limited,"12,633",
1030,SRHHYPOLTD,Sree Rayalaseema Hi-Strength Hypo Limited,"12,573",
1031,ASTRON,Astron Paper & Board Mill Limited,"12,532",
1032,BANSWRAS,Banswara Syntex Limited,"12,469",
1033,VLSFINANCE,VLS Finance Limited,"12,469",
1034,JAYNECOIND,Jayaswal Neco Industries Limited,"12,453",
1035,AKSHARCHEM,AksharChem India Limited,"12,443",
1036,KAMDHENU,Kamdhenu Limited,"12,368",
1037,DBREALTY,D B Realty Limited,"12,285",
1038,EKC,Everest Kanto Cylinder Limited,"12,231",
1039,PODDARMENT,Poddar Pigments Limited,"12,212",
1040,PROZONINTU,Prozone Intu Properties Limited,"12,208",
1041,UGARSUGAR,The Ugar Sugar Works Limited,"12,206",
1042,KRISHANA,Krishana Phoschem Limited,"12,201",
1043,HCL-INSYS,HCL Infosystems Limited,"12,016",
1044,PONNIERODE,Ponni Sugars (Erode) Limited,"11,883",
1045,AIRAN,Airan Limited,"11,814",
1046,DANGEE,Dangee Dums Limited,"11,805",
1047,JUBLINDS,Jubilant Industries Limited,"11,795",
1048,JASH,Jash Engineering Limited,"11,570",
1049,PARACABLES,Paramount Communications Limited,"11,424",
1050,EMKAYTOOLS,Emkay Taps and Cutting Tools Limited,"11,402",
1051,RELCAPITAL,Reliance Capital Limited,"11,372",
1052,GOACARBON,Goa Carbon Limited,"11,366",
1053,PRAXIS,Praxis Home Retail Limited,"11,344",
1054,DRSDILIP,DRS Dilip Roadlines Limited,"11,304",
1055,ROHLTD,Royal Orchid Hotels Limited,"11,258",
1056,GOKULAGRO,Gokul Agro Resources Limited,"11,145",
1057,GOKUL,Gokul Refoils and Solvent Limited,"11,079",
1058,RNAVAL,Reliance Naval and Engineering Limited,"11,064",
1059,SHIVATEX,Shiva Texyarn Limited,"11,064",
1060,LASA,Lasa Supergenerics Limited,"11,063",
1061,EIMCOELECO,Eimco Elecon (India) Limited,"11,055",
1062,ELECTHERM,Electrotherm (India) Limited,"11,054",
1063,MITTAL,Mittal Life Style Limited,"11,045",
1064,STARPAPER,Star Paper Mills Limited,"11,012",
1065,KOPRAN,Kopran Limited,"10,986",
1066,BASML,Bannari Amman Spinning Mills Limited,"10,933",
1067,SARLAPOLY,Sarla Performance Fibers Limited,"10,897",
1068,GREENPOWER,Orient Green Power Company Limited,"10,885",
1069,BIRLAMONEY,Aditya Birla Money Limited,"10,866",
1070,RUSHIL,Rushil Decor Limited,"10,855",
1071,DONEAR,Donear Industries Limited,"10,842",
1072,ESSARSHPNG,Essar Shipping Limited,"10,763",
1073,SPECIALITY,Speciality Restaurants Limited,"10,706",
1074,AXISCADES,AXISCADES Engineering Technologies Limited,"10,629",
1075,BLKASHYAP,B. L. Kashyap and Sons Limited,"10,596",
1076,PDMJEPAPER,Pudumjee Paper Products Limited,"10,492",
1077,SIMPLEXINF,Simplex Infrastructures Limited,"10,429",
1078,SEYAIND,Seya Industries Limited,"10,406",
1079,KANORICHEM,Kanoria Chemicals & Industries Limited,"10,290",
1080,KOTHARIPRO,Kothari Products Limited,"10,236",
1081,APOLSINHOT,Apollo Sindoori Hotels Limited,"10,194",
1082,SELAN,Selan Exploration Technology Limited,"10,192",
1083,INVENTURE,Inventure Growth & Securities Limited,"10,164",
1084,PODDARHOUS,Poddar Housing and Development Limited,"10,117",
1085,GULPOLY,Gulshan Polyols Limited,"9,993",
1086,TIL,TIL Limited,"9,990",
1087,TCIDEVELOP,TCI Developers Limited,"9,920",
1088,TVSELECT,TVS Electronics Limited,"9,903",
1089,NILAINFRA,Nila Infrastructures Limited,"9,847",
1090,MAZDA,Mazda Limited,"9,802",
1091,HARRMALAYA,Harrisons  Malayalam Limited,"9,800",
1092,INDSWFTLAB,Ind-Swift Laboratories Limited,"9,786",
1093,BIRLACABLE,Birla Cable Limited,"9,750",
1094,SALASAR,Salasar Techno Engineering Limited,"9,745",
1095,INDTERRAIN,Indian Terrain Fashions Limited,"9,732",
1096,WALCHANNAG,Walchandnagar Industries Limited,"9,727",
1097,MOLDTECH,Mold-Tek Technologies Limited,"9,686",
1098,UNITEDTEA,The United Nilgiri Tea Estates Company Limited,"9,638",
1099,SHIVAMAUTO,Shivam Autotech Limited,"9,600",
1100,SALZERELEC,Salzer Electronics Limited,"9,574",
1101,STEELXIND,STEEL EXCHANGE INDIA LIMITED,"9,536",
1102,BRFL,Bombay Rayon Fashions Limited,"9,524",
1103,APOLLO,Apollo Micro Systems Limited,"9,375",
1104,NAHARSPING,Nahar Spinning Mills Limited,"9,341",
1105,BABAFOOD,Baba Agro Food Limited,"9,263",
1106,MAGADSUGAR,Magadh Sugar & Energy Limited,"9,244",
1107,AURIONPRO,Aurionpro Solutions Limited,"9,234",
1108,GEECEE,GeeCee Ventures Limited,"9,233",
1109,MIRCELECTR,MIRC Electronics Limited,"9,123",
1110,CREATIVE,Creative Peripherals and Distribution Limited,"9,042",
1111,JPINFRATEC,Jaypee Infratech Limited,"9,028",
1112,ASAHISONG,Asahi Songwon Colors Limited,"9,020",
1113,20MICRONS,20 Microns Limited,"9,016",
1114,MAHASTEEL,Mahamaya Steel Industries Limited,"8,977",
1115,BIL,Bhartiya International Limited,"8,923",
1116,SHREYANIND,Shreyans Industries Limited,"8,903",
1117,JAYSREETEA,Jayshree Tea & Industries Limited,"8,894",
1118,MAWANASUG,Mawana Sugars Limited,"8,880",
1119,RANEENGINE,Rane Engine Valve Limited,"8,876",
1120,NITCO,Nitco Limited,"8,839",
1121,REVATHI,Revathi Equipment Limited,"8,756",
1122,GANESHHOUC,Ganesh Housing Corporation Limited,"8,738",
1123,SAKHTISUG,Sakthi Sugars Limited,"8,735",
1124,TALBROAUTO,Talbros Automotive Components Limited,"8,660",
1125,ARIHANTSUP,Arihant Superstructures Limited,"8,644",
1126,MGEL,Mangalam Global Enterprise Limited,"8,631",
1127,NAHARCAP,Nahar Capital and Financial Services Limited,"8,616",
1128,SINTERCOM,Sintercom India Limited,"8,604",
1129,BSHSL,Bombay Super Hybrid Seeds Limited,"8,488",
1130,SHREYAS,Shreyas Shipping & Logistics Limited,"8,487",
1131,KAKATCEM,Kakatiya Cement Sugar & Industries Limited,"8,485",
1132,SILINV,SIL Investments Limited,"8,471",
1133,HITECHCORP,Hitech Corporation Limited,"8,339",
1134,RUCHIRA,Ruchira Papers Limited,"8,306",
1135,CAPTRUST,Capital Trust Limited,"8,295",
1136,SMARTLINK,Smartlink Holdings Limited,"8,293",
1137,RKEC,RKEC Projects Limited,"8,277",
1138,JOCIL,Jocil Limited,"8,215",
1139,GRPLTD,GRP Limited,"8,214",
1140,ABAN,Aban Offshore Limited,"8,171",
1141,SKMEGGPROD,SKM Egg Products Export (India) Limited,"8,162",
1142,EROSMEDIA,Eros International Media Limited,"8,128",
1143,GENUSPAPER,Genus Paper & Boards Limited,"8,099",
1144,ZUARIGLOB,Zuari Global Limited,"8,067",
1145,INSPIRISYS,Inspirisys Solutions Limited,"8,042",
1146,MAHAPEXLTD,Maha Rashtra Apex Corporation Limited,"8,016",
1147,SPECTRUM,Spectrum Electrical Industries Limited,"8,014",
1148,VIKASMCORP,Vikas Multicorp Limited,"7,962",
1149,ALPHAGEO,Alphageo (India) Limited,"7,946",
1150,WEALTH,Wealth First Portfolio Managers Limited,"7,927",
1151,VISHNU,Vishnu Chemicals Limited,"7,902",
1152,HITECH,Hi-Tech Pipes Limited,"7,872",
1153,AYMSYNTEX,AYM Syntex Limited,"7,871",
1154,CYBERTECH,Cybertech Systems And Software Limited,"7,842",
1155,DTIL,Dhunseri Tea & Industries Limited,"7,839",
1156,EMAMIREAL,Emami Realty Limited,"7,837",
1157,ORIENTBELL,Orient Bell Limited,"7,761",
1158,INDOTECH,Indo Tech Transformers Limited,"7,753",
1159,EMMBI,Emmbi Industries Limited,"7,739",
1160,SANWARIA,Sanwaria Consumer Limited,"7,729",
1161,PRIMESECU,Prime Securities Limited,"7,722",
1162,KAPSTON,Kapston Facilities Management Limited,"7,709",
1163,VINYLINDIA,Vinyl Chemicals (India) Limited,"7,637",
1164,GENESYS,Genesys International Corporation Limited,"7,552",
1165,UNIPLY,Uniply Industries Limited,"7,517",
1166,SETCO,Setco Automotive Limited,"7,491",
1167,INNOVANA,Innovana Thinklabs Limited,"7,488",
1168,SAKAR,Sakar Healthcare Limited,"7,473",
1169,DHUNINV,Dhunseri Investments Limited,"7,460",
1170,UMANGDAIRY,Umang Dairies Limited,"7,437",
1171,BALAXI,Balaxi Ventures Limited,"7,400",
1172,PILITA,PIL ITALICA LIFESTYLE LIMITED,"7,285",
1173,CONSOFINVT,Consolidated Finvest & Holdings Limited,"7,241",
1174,TRIL,Transformers And Rectifiers (India) Limited,"7,225",
1175,NDL,Nandan Denim Limited,"7,183",
1176,CEBBCO,Commercial Engineers & Body Builders Co Limited,"7,114",
1177,NAHARINDUS,Nahar Industrial Enterprises Limited,"7,111",
1178,STEL,Stel Holdings Limited,"7,105",
1179,DENORA,De Nora India Limited,"7,103",
1180,KOTARISUG,Kothari Sugars And Chemicals Limited,"7,087",
1181,SAKUMA,Sakuma Exports Limited,"7,038",
1182,DPWIRES,D P Wires Limited,"7,028",
1183,TRIGYN,Trigyn Technologies Limited,"7,019",
1184,RPPINFRA,R.P.P. Infra Projects Limited,"6,972",
1185,VERTOZ,Vertoz Advertising Limited,"6,943",
1186,ONWARDTEC,Onward Technologies Limited,"6,930",
1187,JAKHARIA,JAKHARIA FABRIC LIMITED,"6,909",
1188,BBTCL,B&B Triplewall Containers Limited,"6,871",
1189,KELLTONTEC,Kellton Tech Solutions Limited,"6,843",
1190,PENINLAND,Peninsula Land Limited,"6,840",
1191,XELPMOC,Xelpmoc Design And Tech Limited,"6,798",
1192,MRO-TEK,MRO-TEK Realty Limited,"6,792",
1193,PITTIENG,Pitti Engineering Limited,"6,779",
1194,ASPINWALL,Aspinwall and Company Limited,"6,763",
1195,MODIRUBBER,Modi Rubber Limited,"6,698",
1196,SUPERHOUSE,Superhouse Limited,"6,654",
1197,HDIL,Housing Development and Infrastructure Limited,"6,636",
1198,PREMEXPLN,Premier Explosives Limited,"6,613",
1199,DIGISPICE,DiGiSPICE Technologies Limited,"6,609",
1200,UVSL,Uttam Value Steels Limited,"6,605",
1201,IRISDOREME,Iris Clothings Limited,"6,526",
1202,CORALFINAC,Coral India Finance & Housing Limited,"6,459",
1203,WORTH,Worth Peripherals Limited,"6,458",
1204,SPLIL,SPL Industries Limited,"6,409",
1205,BHAGYAPROP,Bhagyanagar Properties Limited,"6,399",
1206,NAHARPOLY,Nahar Poly Films Limited,"6,393",
1207,SAGARDEEP,Sagardeep Alloys Limited,"6,368",
1208,HINDMOTORS,Hindustan Motors Limited,"6,364",
1209,EMKAY,Emkay Global Financial Services Limited,"6,339",
1210,KOTHARIPET,Kothari Petrochemicals Limited,"6,297",
1211,SKIL,SKIL Infrastructure Limited,"6,281",
1212,SUNDRMBRAK,Sundaram Brake Linings Limited,"6,262",
1213,UTTAMSTL,Uttam Galva Steels Limited,"6,259",
1214,ADSL,Allied Digital Services Limited,"6,192",
1215,TTL,T T Limited,"6,191",
1216,JBFIND,JBF Industries Limited,"6,181",
1217,ORIENTLTD,Orient Press Limited,"6,170",
1218,SHIVAUM,Shiv Aum Steels Limited,"6,120",
1219,SVLL,Shree Vasu Logistics Limited,"6,108",
1220,MAHICKRA,Mahickra Chemicals Limited,"6,092",
1221,SIL,Standard Industries Limited,"6,079",
1222,WINDMACHIN,Windsor Machines Limited,"6,071",
1223,SAKETH,Saketh Exim Limited,"6,028",
1224,VIVIMEDLAB,Vivimed Labs Limited,"6,011",
1225,WFL,Wonder Fibromats Limited,"5,968",
1226,IVC,IL&FS Investment Managers Limited,"5,967",
1227,AMJLAND,Amj Land Holdings Limited,"5,945",
1228,AHLADA,Ahlada Engineers Limited,"5,898",
1229,PARIN,Parin Furniture Limited,"5,893",
1230,KRITIKA,Kritika Wires Limited,"5,876",
1231,LOVABLE,Lovable Lingerie Limited,"5,868",
1232,PASHUPATI,Pashupati Cotspin Limited,"5,862",
1233,BDR,BDR Buildcon Limited,"5,824",
1234,GOODLUCK,Goodluck India Limited,"5,809",
1235,KMSUGAR,K.M.Sugar Mills Limited,"5,796",
1236,UNIVPHOTO,Universus Photo Imagings Limited,"5,763",
1237,ADHUNIKIND,Adhunik Industries Limited,"5,752",
1238,RUCHI,Ruchi Soya Industries Limited,"5,748",
1239,NITIRAJ,Nitiraj Engineers Limited,"5,684",
1240,HUBTOWN,Hubtown Limited,"5,673",
1241,TRF,TRF Limited,"5,645",
1242,TOKYOPLAST,Tokyo Plast International Limited,"5,630",
1243,RPPL,Rajshree Polypack Limited,"5,617",
1244,ANSALAPI,Ansal Properties & Infrastructure Limited,"5,588",
1245,ELGIRUBCO,Elgi Rubber Company Limited,"5,556",
1246,A2ZINFRA,A2Z Infra Engineering Limited,"5,548",
1247,URAVI,Uravi T and Wedge Lamps Limited,"5,506",
1248,VETO,Veto Switchgears And Cables Limited,"5,505",
1249,SRPL,Shree Ram Proteins Limited,"5,505",
1250,JMA,Jullundur Motor Agency (Delhi) Limited,"5,501",
1251,LIBAS,Libas Designs Limited,"5,451",
1252,PARSVNATH,Parsvnath Developers Limited,"5,440",
1253,PANACHE,Panache Digilife Limited,"5,406",
1254,SMSLIFE,SMS Lifesciences India Limited,"5,404",
1255,BPL,BPL Limited,"5,402",
1256,OSWALAGRO,Oswal Agro Mills Limited,"5,369",
1257,SUULD,Suumaya Lifestyle Limited,"5,354",
1258,MITCON,MITCON Consultancy & Engineering Services Limited,"5,348",
1259,CINELINE,Cineline India Limited,"5,250",
1260,REFEX,Refex Industries Limited,"5,231",
1261,ICEMAKE,Ice Make Refrigeration Limited,"5,211",
1262,ARIES,Aries Agro Limited,"5,202",
1263,GEEKAYWIRE,Geekay Wires Limited,"5,200",
1264,COMPINFO,Compuage Infocom Limited,"5,198",
1265,WELINV,Welspun Investments and Commercials Limited,"5,193",
1266,KECL,Kirloskar Electric Company Limited,"5,147",
1267,TOUCHWOOD,Touchwood Entertainment Limited,"5,091",
1268,URJA,Urja Global Limited,"5,072",
1269,PGEL,PG Electroplast Limited,"5,037",
1270,BHARATWIRE,Bharat Wire Ropes Limited,"5,035",
1271,MTEDUCARE,MT Educare Limited,"5,020",
1272,GLOBALVECT,Global Vectra Helicorp Limited,"5,019",
1273,OPTOCIRCUI,Opto Circuits (India) Limited,"4,960",
1274,FMNL,Future Market Networks Limited,"4,949",
1275,NOIDATOLL,Noida Toll Bridge Company Limited,"4,934",
1276,RANASUG,Rana Sugars Limited,"4,914",
1277,TPLPLASTEH,TPL Plastech Limited,"4,899",
1278,AKSHOPTFBR,Aksh Optifibre Limited,"4,881",
1279,MANGALAM,Mangalam Drugs And Organics Limited,"4,820",
1280,SIGIND,Signet Industries Limited,"4,813",
1281,SITINET,Siti Networks Limited,"4,796",
1282,LOTUSEYE,Lotus Eye Hospital and Institute Limited,"4,762",
1283,PPL,Prakash Pipes Limited,"4,757",
1284,ARROWGREEN,Arrow Greentech Limited,"4,734",
1285,TARACHAND,Tara Chand Logistic Solutions Limited,"4,728",
1286,MOTOGENFIN,The Motor & General Finance Limited,"4,715",
1287,UJAAS,Ujaas Energy Limited,"4,701",
1288,REPL,Rudrabhishek Enterprises Limited,"4,700",
1289,ANDHRACEMT,Andhra Cements Limited,"4,696",
1290,VIDEOIND,Videocon Industries Limited,"4,682",
1291,MRO,M.R. Organisation Limited,"4,651",
1292,JAGSNPHARM,Jagsonpal Pharmaceuticals Limited,"4,598",
1293,BHAGYANGR,Bhagyanagar India Limited,"4,575",
1294,AGARIND,Agarwal Industrial Corporation Limited,"4,560",
1295,BALLARPUR,Ballarpur Industries Limited,"4,527",
1296,BALPHARMA,Bal Pharma Limited,"4,521",
1297,MURUDCERA,Murudeshwar Ceramics Limited,"4,520",
1298,DCMNVL,DCM Nouvelle Limited,"4,464",
1299,CLEDUCATE,CL Educate Limited,"4,413",
1300,WANBURY,Wanbury Limited,"4,341",
1301,SHYAMCENT,Shyam Century Ferrous Limited,"4,332",
1302,SUMIT,Sumit Woods Limited,"4,313",
1303,GINNIFILA,Ginni Filaments Limited,"4,310",
1304,PIONEEREMB,Pioneer Embroideries Limited,"4,290",
1305,JMTAUTOLTD,JMT Auto Limited,"4,283",
1306,BIRLATYRE,Birla Tyres Limited,"4,278",
1307,GILLANDERS,Gillanders Arbuthnot & Company Limited,"4,268",
1308,HPIL,Hindprakash Industries Limited,"4,263",
1309,MANAKSTEEL,Manaksia Steels Limited,"4,260",
1310,VERA,Vera Synthetic Limited,"4,234",
1311,VAISHALI,Vaishali Pharma Limited,"4,224",
1312,GPTINFRA,GPT Infraprojects Limited,"4,203",
1313,UNIVASTU,Univastu India Limited,"4,142",
1314,OMAXAUTO,Omax Autos Limited,"4,125",
1315,ASHIMASYN,Ashima Limited,"4,111",
1316,SPTL,Sintex Plastics Technology Limited,"4,102",
1317,KAMATHOTEL,Kamat Hotels (I) Limited,"4,092",
1318,WEIZMANIND,Weizmann Limited,"4,076",
1319,PREMIERPOL,Premier Polyfilm Limited,"4,074",
1320,MUKTAARTS,Mukta Arts Limited,"4,065",
1321,PENTAGOLD,Penta Gold Limited,"4,059",
1322,LGBFORGE,LGB Forge Limited,"4,049",
1323,NDGL,Naga Dhunseri Group Limited,"4,046",
1324,BIGBLOC,Bigbloc Construction Limited,"4,035",
1325,DAMODARIND,Damodar Industries Limited,"4,005",
1326,PANSARI,Pansari Developers Limited,"4,004",
1327,RAJSREESUG,Rajshree Sugars & Chemicals Limited,"3,972",
1328,IL&FSTRANS,IL&FS Transportation Networks Limited,"3,948",
1329,ALMONDZ,Almondz Global Securities Limited,"3,935",
1330,SONAMCLOCK,Sonam Clock Limited,"3,878",
1331,MBECL,Mcnally Bharat Engineering Company Limited,"3,873",
1332,SINTEX,Sintex Industries Limited,"3,862",
1333,BETA,Beta Drugs Limited,"3,846",
1334,INDIANCARD,Indian Card Clothing Company Limited,"3,823",
1335,MALUPAPER,Malu Paper Mills Limited,"3,804",
1336,BROOKS,Brooks Laboratories Limited,"3,767",
1337,MARALOVER,Maral Overseas Limited,"3,736",
1338,SICAL,Sical Logistics Limited,"3,716",
1339,SHAIVAL,Shaival Reality Limited,"3,715",
1340,TAINWALCHM,Tainwala Chemical and Plastic (I) Limited,"3,708",
1341,RUCHINFRA,Ruchi Infrastructure Limited,"3,694",
1342,SUPREMEENG,Supreme Engineering Limited,"3,662",
1343,WIPL,The Western India Plywoods Limited,"3,650",
1344,DEVIT,Dev Information Technology Limited,"3,644",
1345,MINDTECK,Mindteck (India) Limited,"3,638",
1346,RHFL,Reliance Home Finance Limited,"3,634",
1347,SOFTTECH,Softtech Engineers Limited,"3,609",
1348,WEBELSOLAR,Websol Energy System Limited,"3,599",
1349,AUSOMENT,Ausom Enterprise Limited,"3,590",
1350,ISMTLTD,ISMT Limited,"3,589",
1351,LYKALABS,Lyka Labs Limited,"3,586",
1352,SICAGEN,Sicagen India Limited,"3,581",
1353,BAGFILMS,B.A.G Films and Media Limited,"3,559",
1354,HEXATRADEX,Hexa Tradex Limited,"3,536",
1355,BYKE,The Byke Hospitality Ltd,"3,529",
1356,OSWALSEEDS,ShreeOswal Seeds And Chemicals Limited,"3,506",
1357,ROLTA,Rolta India Limited,"3,484",
1358,GOLDENTOBC,Golden Tobacco Limited,"3,469",
1359,IVP,IVP Limited,"3,433",
1360,MACPOWER,Macpower CNC Machines Limited,"3,433",
1361,MDL,Marvel Decor Limited,"3,408",
1362,ARCHIDPLY,Archidply Industries Limited,"3,398",
1363,VIPCLOTHNG,VIP Clothing Limited,"3,386",
1364,KHFM,Khfm Hospitality And Facility Management Services Limited,"3,385",
1365,JHS,JHS Svendgaard Laboratories Limited,"3,363",
1366,AAKASH,Aakash Exploration Services Limited,"3,356",
1367,SOUTHWEST,South West Pinnacle Exploration Limited,"3,320",
1368,VINNY,Vinny Overseas Limited,"3,301",
1369,PRAENG,Prajay Engineers Syndicate Limited,"3,287",
1370,ONEPOINT,One Point One Solutions Limited,"3,285",
1371,KWALITY,kwality limited,"3,258",
1372,SURANAT&P,Surana Telecom and Power Limited,"3,258",
1373,GSS,GSS Infotech Limited,"3,226",
1374,BEDMUTHA,Bedmutha Industries Limited,"3,226",
1375,INTENTECH,Intense Technologies Limited,"3,223",
1376,KALYANIFRG,Kalyani Forge Limited,"3,201",
1377,ARTNIRMAN,Art Nirman Limited,"3,196",
1378,AURDIS,Aurangabad Distillery Limited,"3,194",
1379,RAMASTEEL,Rama Steel Tubes Limited,"3,191",
1380,CORDSCABLE,Cords Cable Industries Limited,"3,167",
1381,LSIL,Lloyds Steels Industries Limited,"3,144",
1382,AARVI,Aarvi Encon Limited,"3,134",
1383,VISASTEEL,Visa Steel Limited,"3,126",
1384,AMBANIORG,Ambani Organics Limited,"3,106",
1385,AVG,AVG Logistics Limited,"3,089",
1386,PRESSMN,Pressman Advertising Limited,"3,088",
1387,ISFT,Intrasoft Technologies Limited,"3,086",
1388,VIKASECO,Vikas EcoTech Limited,"3,079",
1389,SECL,Salasar Exteriors and Contour Limited,"3,047",
1390,RSSOFTWARE,R. S. Software (India) Limited,"3,034",
1391,GROBTEA,The Grob Tea Company Limited,"3,013",
1392,CMICABLES,CMI Limited,"2,998",
1393,SUNDARAM,Sundaram Multi Pap Limited,"2,988",
1394,MKPL,M K Proteins Limited,"2,978",
1395,REMSONSIND,Remsons Industries Limited,"2,977",
1396,ARCHIES,Archies Limited,"2,973",
1397,OISL,OCL Iron and Steel Limited,"2,951",
1398,CCHHL,Country Club Hospitality & Holidays Limited,"2,942",
1399,ALPA,Alpa Laboratories Limited,"2,914",
1400,HOVS,HOV Services Limited,"2,883",
1401,AROGRANITE,Aro Granite Industries Limited,"2,876",
1402,PUNJLLOYD,Punj Lloyd Limited,"2,853",
1403,COMPUSOFT,Compucom Software Limited,"2,849",
1404,CIMMCO,Cimmco Limited,"2,844",
1405,MBLINFRA,MBL Infrastructures Limited,"2,828",
1406,MOKSH,Moksh Ornaments Limited,"2,817",
1407,MORARJEE,Morarjee Textiles Limited,"2,816",
1408,CINEVISTA,Cinevista Limited,"2,814",
1409,TIRUPATIFL,Tirupati Forge Limited,"2,776",
1410,ROLLT,Rollatainers Limited,"2,751",
1411,CTE,Cambridge Technology Enterprises Limited,"2,739",
1412,LOKESHMACH,Lokesh Machines Limited,"2,720",
1413,TOTAL,Total Transport Systems Limited,"2,718",
1414,VENUSREM,Venus Remedies Limited,"2,715",
1415,ASCOM,Ascom Leasing & Investments Limited,"2,714",
1416,STEELCITY,Steel City Securities Limited,"2,712",
1417,SILGO,Silgo Retail Limited,"2,700",
1418,OPAL,Opal Luxury Time Products Limited,"2,687",
1419,RELIABLE,Reliable Data Services Limited,"2,683",
1420,SURANASOL,Surana Solar Limited,"2,682",
1421,AUTOIND,Autoline Industries Limited,"2,635",
1422,GLOBE,Globe Textiles (India) Limited,"2,620",
1423,ARVEE,Arvee Laboratories (India) Limited,"2,590",
1424,PRECOT,Precot Meridian Limited,"2,574",
1425,SILLYMONKS,Silly Monks Entertainment Limited,"2,573",
1426,DUCON,Ducon Infratechnologies Limited,"2,565",
1427,FCSSOFT,FCS Software Solutions Limited,"2,564",
1428,TARMAT,Tarmat Limited,"2,559",
1429,ALKALI,Alkali Metals Limited,"2,556",
1430,SARVESHWAR,Sarveshwar Foods Limited,"2,518",
1431,PRITI,Priti International Limited,"2,517",
1432,DCM,DCM  Limited,"2,503",
1433,DBSTOCKBRO,DB (International) Stock Brokers Limited,"2,450",
1434,DGCONTENT,Digicontent Limited,"2,444",
1435,GOLDSTAR,Goldstar Power Limited,"2,423",
1436,BANKA,Banka BioLoo Limited,"2,410",
1437,SURYALAXMI,Suryalakshmi Cotton Mills Limited,"2,409",
1438,HECPROJECT,HEC Infra Projects Limited,"2,398",
1439,SAMBHAAV,Sambhaav Media Limited,"2,389",
1440,RMCL,Radha Madhav Corporation Limited,"2,374",
1441,BHARATGEAR,Bharat Gears Limited,"2,373",
1442,AIROLAM,Airo Lam limited,"2,370",
1443,GAMMNINFRA,Gammon Infrastructure Projects Limited,"2,355",
1444,DCI,DC Infotech and Communication Limited,"2,340",
1445,MEGASOFT,Megasoft Limited,"2,324",
1446,TIRUPATI,Shree Tirupati Balajee FIBC Limited,"2,310",
1447,IL&FSENGG,IL&FS Engineering and Construction Company Limited,"2,295",
1448,ARSSINFRA,ARSS Infrastructure Projects Limited,"2,274",
1449,SONAHISONA,Sona Hi Sona Jewellers (Gujarat) Limited,"2,266",
1450,CONTI,Continental Seeds and Chemicals Limited,"2,266",
1451,HISARMETAL,Hisar Metal Industries Limited,"2,230",
1452,SHRADHA,Shradha Infraprojects Limited,"2,218",
1453,ATLANTA,Atlanta  Limited,"2,201",
1454,INDBANK,Indbank Merchant Banking Services Limited,"2,197",
1455,MANUGRAPH,Manugraph India Limited,"2,190",
1456,GARDENSILK,Garden Silk Mills Limited,"2,188",
1457,AKG,Akg Exim Limited,"2,185",
1458,PEARLPOLY,Pearl Polymers Limited,"2,180",
1459,SHREERAMA,Shree Rama Multi-Tech Limited,"2,180",
1460,GODHA,Godha Cabcon & Insulation Limited,"2,176",
1461,NEXTMEDIA,Next Mediaworks Limited,"2,174",
1462,SUPREMEINF,Supreme Infrastructure India Limited,"2,172",
1463,TEXMOPIPES,Texmo Pipes and Products Limited,"2,171",
1464,AARON,Aaron Industries Limited,"2,162",
1465,GANGESSECU,Ganges Securities Limited,"2,161",
1466,ADLABS,Adlabs Entertainment Limited,"2,158",
1467,KOHINOOR,Kohinoor Foods Limited,"2,150",
1468,PKTEA,The Peria Karamalai Tea & Produce Company Limited,"2,121",
1469,KEYFINSERV,Keynote Financial Services Limited,"2,116",
1470,BCONCEPTS,Brand Concepts Limited,"2,090",
1471,MCLEODRUSS,Mcleod Russel India Limited,"2,089",
1472,KSERASERA,KSS Limited,"2,079",
1473,MHHL,Mohini Health & Hygiene Limited,"2,079",
1474,FOCUS,Focus Lighting and Fixtures Limited,"2,078",
1475,ACCURACY,Accuracy Shipping Limited,"2,063",
1476,SANGHVIFOR,Sanghvi Forging and Engineering Limited,"2,063",
1477,ASAL,Automotive Stampings and Assemblies Limited,"2,062",
1478,SHUBHLAXMI,Shubhlaxmi Jewel Art Limited,"2,051",
1479,KEERTI,Keerti Knowledge and Skills Limited,"2,050",
1480,ENERGYDEV,Energy Development Company Limited,"2,043",
1481,KGL,Karuturi Global Limited,"2,039",
1482,AMDIND,AMD Industries Limited,"2,022",
1483,DHARSUGAR,Dharani Sugars & Chemicals Limited,"2,009",
1484,MMNL,MIG Media Neurons Limited,"2,000",
1485,SUREVIN,Surevin BPO Services Limited,"1,992",
1486,GAL,Gyscoal Alloys Limited,"1,978",
1487,NILASPACES,Nila Spaces Limited,"1,969",
1488,E2E,E2E Networks Limited,"1,958",
1489,BANARBEADS,Banaras Beads Limited,"1,954",
1490,KSHITIJPOL,Kshitij Polyline Limited,"1,945",
1491,BRIGHT,Bright Solar Limited,"1,938",
1492,PAR,Par Drugs and Chemicals Limited,"1,938",
1493,SALONA,Salona Cotspin Limited,"1,934",
1494,AVSL,AVSL Industries Limited,"1,919",
1495,ATLASCYCLE,Atlas Cycles (Haryana) Limited,"1,919",
1496,BSL,BSL Limited,"1,914",
1497,BEARDSELL,Beardsell Limited,"1,911",
1498,SHIVAMILLS,Shiva Mills Limited,"1,901",
1499,MAANALU,Maan Aluminium Limited,"1,900",
1500,SPMLINFRA,SPML Infra Limited,"1,887",
1501,XPROINDIA,Xpro India Limited,"1,878",
1502,SURANI,Surani Steel Tubes Limited,"1,872",
1503,LAMBODHARA,Lambodhara Textiles Limited,"1,868",
1504,AARVEEDEN,Aarvee Denims & Exports Limited,"1,865",
1505,INDOSOLAR,Indosolar Limited,"1,860",
1506,PALASHSECU,Palash Securities Limited,"1,846",
1507,ANIKINDS,Anik Industries Limited,"1,818",
1508,CELEBRITY,Celebrity Fashions Limited,"1,815",
1509,MERCATOR,Mercator Limited,"1,815",
1510,GTL,GTL Limited,"1,809",
1511,NECCLTD,North Eastern Carrying Corporation Limited,"1,757",
1512,SIMBHALS,Simbhaoli Sugars Limited,"1,754",
1513,DELTAMAGNT,Delta Manufacturing Limited,"1,747",
1514,UCL,Ushanti Colour Chem Limited,"1,745",
1515,PATINTLOG,Patel Integrated Logistics Limited,"1,736",
1516,SERVOTECH,Servotech Power Systems Limited,"1,730",
1517,ZENITHEXPO,Zenith Exports Limited,"1,724",
1518,MCDHOLDING,McDowell Holdings Limited,"1,707",
1519,MANAKALUCO,Manaksia Aluminium Company Limited,"1,704",
1520,AISL,ANI Integrated Services Limited,"1,700",
1521,AVROIND,AVRO INDIA LIMITED,"1,699",
1522,BLBLIMITED,BLB Limited,"1,692",
1523,TERASOFT,Tera Software Limited,"1,683",
1524,MADHAV,Madhav Marbles and Granites Limited,"1,682",
1525,METALFORGE,Metalyst Forgings Limited,"1,677",
1526,SHIRPUR-G,Shirpur Gold Refinery Limited,"1,675",
1527,BVCL,Barak Valley Cements Limited,"1,673",
1528,KERNEX,Kernex Microsystems (India) Limited,"1,669",
1529,SHANTI,Shanti Overseas (India) Limited,"1,666",
1530,ANSALHSG,Ansal Housing Limited,"1,663",
1531,LATTEYS,Latteys Industries Limited,"1,656",
1532,MANAKCOAT,Manaksia Coated Metals & Industries Limited,"1,638",
1533,RAJMET,Rajnandini Metal Limited,"1,616",
1534,INDOWIND,Indowind Energy Limited,"1,615",
1535,GICL,Globe International Carriers Limited,"1,608",
1536,ARTEDZ,Artedz Fabs Limited,"1,601",
1537,NARMADA,Narmada Agrobase Limited,"1,592",
1538,KHANDSE,Khandwala Securities Limited,"1,582",
1539,ABMINTLTD,ABM International Limited,"1,582",
1540,BANG,Bang Overseas Limited,"1,573",
1541,SGL,STL Global Limited,"1,565",
1542,ORIENTALTL,Oriental Trimex Limited,"1,540",
1543,SALSTEEL,S.A.L. Steel Limited,"1,529",
1544,SRIRAM,Shri Ram Switchgears Limited,"1,512",
1545,FOURTHDIM,Fourth Dimension Solutions Limited,"1,503",
1546,SELMCL,SEL Manufacturing Company Limited,"1,491",
1547,KSK,KSK Energy Ventures Limited,"1,484",
1548,IZMO,IZMO Limited,"1,477",
1549,GOLDTECH,Goldstone Technologies Limited,"1,465",
1550,SSINFRA,S.S. Infrastructure Development Consultants Limited,"1,452",
1551,KKVAPOW,KKV Agro Powers Limited,"1,451",
1552,MILTON,Milton Industries Limited,"1,445",
1553,UNIINFO,Uniinfo Telecom Services Limited,"1,444",
1554,JETFREIGHT,Jet Freight Logistics Limited,"1,433",
1555,JYOTISTRUC,Jyoti Structures Limited,"1,424",
1556,CNOVAPETRO,CIL Nova Petrochemicals Limited,"1,423",
1557,OILCOUNTUB,Oil Country Tubular Limited,"1,417",
1558,PROLIFE,Prolife Industries Limited,"1,406",
1559,AVENTUS,Aventus Buildcon Limited,"1,393",
1560,INDOTHAI,Indo Thai Securities Limited,"1,375",
1561,DSSL,Dynacons Systems & Solutions Limited,"1,371",
1562,AHIMSA,Ahimsa Industries Limited,"1,368",
1563,CENTEXT,Century Extrusions Limited,"1,360",
1564,TREEHOUSE,Tree House Education & Accessories Limited,"1,354",
1565,GLOBAL,Global Education Limited,"1,347",
1566,LAGNAM,Lagnam Spintex Limited,"1,343",
1567,CADSYS,Cadsys (India) Limited,"1,332",
1568,MANGTIMBER,Mangalam Timber Products Limited,"1,329",
1569,TMRVL,The Mandhana Retail Ventures Limited,"1,314",
1570,NIBL,NRB Industrial Bearings Limited,"1,308",
1571,SUMEETINDS,Sumeet Industries Limited,"1,296",
1572,RMDRIP,R M Drip and Sprinklers Systems Limited,"1,288",
1573,KARMAENG,Karma Energy Limited,"1,284",
1574,AUTOLITIND,Autolite (India) Limited,"1,280",
1575,INFOMEDIA,Infomedia Press Limited,"1,280",
1576,UWCSL,Ultra Wiring Connectivity System Limited,"1,267",
1577,TIMESGTY,Times Guaranty Limited,"1,259",
1578,PERFECT,Perfect Infraengineers Limited,"1,258",
1579,KANANIIND,Kanani Industries Limited,"1,237",
1580,CUBEXTUB,Cubex Tubings Limited,"1,224",
1581,BIOFILCHEM,Biofil Chemicals & Pharmaceuticals Limited,"1,221",
1582,LAXMICOT,Laxmi Cotspin Limited,"1,209",
1583,MARSHALL,Marshall Machines Limited,"1,208",
1584,VCL,Vaxtex Cotfab Limited,"1,205",
1585,MAGNUM,Magnum Ventures Limited,"1,203",
1586,LFIC,Lakshmi Finance & Industrial Corporation Limited,"1,199",
1587,ZODJRDMKJ,Zodiac JRD- MKJ Limited,"1,191",
1588,ORTINLABSS,Ortin Laboratories Limited,"1,186",
1589,MADHUCON,Madhucon Projects Limited,"1,181",
1590,AGRITECH,Agri-Tech (India) Limited,"1,179",
1591,EON,Eon Electric Limited,"1,175",
1592,INDSWFTLTD,Ind-Swift Limited,"1,165",
1593,EDUCOMP,Educomp Solutions Limited,"1,163",
1594,AGROPHOS,Agro Phos India Limited,"1,156",
1595,SUPERSPIN,Super Spinning Mills Limited,"1,155",
1596,SOMICONVEY,Somi Conveyor Beltings Limited,"1,154",
1597,ABINFRA,A B Infrabuild Limited,"1,147",
1598,SKSTEXTILE,SKS Textiles Limited,"1,144",
1599,LPDC,Landmark Property Development Company Limited,"1,140",
1600,KRIDHANINF,Kridhan Infra Limited,"1,137",
1601,CASTEXTECH,Castex Technologies Limited,"1,134",
1602,21STCENMGM,21st Century Management Services Limited,"1,134",
1603,INNOVATIVE,Innovative Tyres and Tubes Limited,"1,133",
1604,HINDCON,Hindcon Chemicals Limited,"1,126",
1605,TIJARIA,Tijaria Polypipes Limited,"1,116",
1606,LEXUS,Lexus Granito (India) Limited,"1,103",
1607,BHANDARI,Bhandari Hosiery Exports Limited,"1,099",
1608,CKPPRODUCT,CKP Products Limited,"1,092",
1609,WILLAMAGOR,Williamson Magor & Company Limited,"1,079",
1610,PNC,Pritish Nandy Communications Limited,"1,078",
1611,ADROITINFO,Adroit Infotech Limited,"1,069",
1612,SIKKO,Sikko Industries Limited,"1,064",
1613,NAGREEKEXP,Nagreeka Exports Limited,"1,062",
1614,BILENERGY,Bil Energy Systems Limited,"1,057",
1615,RKDL,Ravi Kumar Distilleries Limited,"1,032",
1616,NITINFIRE,Nitin Fire Protection Industries Limited,"1,023",
1617,POWERFUL,Powerful Technologies Limited,"1,017",
1618,JETKNIT,Jet Knitwears Limited,"1,011",
1619,SHAHALLOYS,Shah Alloys Limited,"1,010",
1620,CCCL,Consolidated Construction Consortium Limited,996,
1621,MIC,MIC Electronics Limited,991,
1622,ACEINTEG,Ace Integrated Solutions Limited,983,
1623,COX&KINGS,Cox & Kings Limited,971,
1624,PALREDTEC,Palred Technologies Limited,968,
1625,SOLEX,Solex Energy Limited,968,
1626,CALSOFT,California Software Company Limited,958,
1627,SECURCRED,SecUR Credentials Limited,956,
1628,ARIHANT,Arihant Foundations & Housing Limited,955,
1629,DIAPOWER,Diamond Power Infra Ltd,944,
1630,GANGAFORGE,Ganga Forging Limited,914,
1631,STINDIA,STI India Limited,914,
1632,CMMIPL,CMM Infraprojects Limited,901,
1633,ARCOTECH,Arcotech Limited,893,
1634,GTNIND,GTN Industries Limited,886,
1635,CROWN,Crown Lifters Limited,874,
1636,HILTON,Hilton Metal Forging Limited,871,
1637,MUKANDENGG,Mukand Engineers Limited,855,
1638,S&SPOWER,S&S Power Switchgears Limited,853,
1639,JITFINFRA,JITF Infralogistics Limited,848,
1640,EXCEL,Excel Realty N Infra Limited,846,
1641,ZODIAC,Zodiac Energy Limited,845,
1642,ABNINT,A B N Intercorp Limited,839,
1643,BALKRISHNA,Balkrishna Paper Mills Limited,838,
1644,INDLMETER,IMP Powers Limited,833,
1645,ASLIND,ASL Industries Limited,828,
1646,JINDALPHOT,Jindal Photo Limited,826,
1647,VSCL,Vadivarhe Speciality Chemicals Limited,824,
1648,FLEXITUFF,Flexituff Ventures International Limited,809,
1649,STAMPEDE,Stampede Capital Limited,802,
1650,DQE,DQ Entertainment (International) Limited,793,
1651,GOENKA,Goenka Diamond and Jewels Limited,793,
1652,LYPSAGEMS,Lypsa Gems & Jewellery Limited,767,
1653,NANDANI,Nandani Creation Limited,760,
1654,MPTODAY,Madhya Pradesh Today Media Limited,754,
1655,JPOLYINVST,Jindal Poly Investment and Finance Company Limited,752,
1656,VARDMNPOLY,Vardhman Polytex Limited,747,
1657,DIGJAMLTD,Digjam Limited,745,
1658,PATSPINLTD,Patspin India Limited,742,
1659,VASWANI,Vaswani Industries Limited,735,
1660,SHYAMTEL,Shyam Telecom Limited,733,
1661,SANCO,Sanco Industries Limited,715,
1662,PARABDRUGS,Parabolic Drugs Limited,712,
1663,EUROTEXIND,Eurotex Industries and Exports Limited,704,
1664,GLOBOFFS,Global Offshore Services Limited,692,
1665,HAVISHA,Sri Havisha Hospitality and Infrastructure Limited,691,
1666,SPYL,Shekhawati Poly-Yarn Limited,689,
1667,TREJHARA,TREJHARA SOLUTIONS LIMITED,685,
1668,JALAN,Jalan Transolutions (India) Limited,683,
1669,NIRAJISPAT,Niraj Ispat Industries Limited,672,
1670,SEPOWER,S.E. Power Limited,670,
1671,GTNTEX,GTN Textiles Limited,669,
1672,HUSYSLTD,Husys Consulting Limited,650,
1673,3PLAND,3P Land Holdings Limited,639,
1674,SATHAISPAT,Sathavahana Ispat Limited,636,
1675,TGBHOTELS,TGB Banquets And Hotels Limited,630,
1676,MOHOTAIND,Mohota Industries Limited,625,
1677,FELIX,Felix Industries Limited,624,
1678,BSELINFRA,BSEL Infrastructure Realty Limited,620,
1679,SOMATEX,Soma Textiles & Industries Limited,611,
1680,BURNPUR,Burnpur Cement Limited,603,
1681,PULZ,Pulz Electronics Limited,600,
1682,GAYAHWS,Gayatri Highways Limited,599,
1683,PIGL,Power & Instrumentation (Gujarat) Limited,599,
1684,KALYANI,Kalyani Commercials Limited,597,
1685,RADAAN,Radaan Mediaworks India Limited,596,
1686,NKIND,NK Industries Limited,592,
1687,VIVIDHA,Visagar Polytex Limited,585,
1688,COUNCODOS,Country Condo's Limited,582,
1689,ANKITMETAL,Ankit Metal & Power Limited,564,
1690,TCIFINANCE,TCI Finance Limited,554,
1691,EASTSILK,Eastern Silk Industries Limited,553,
1692,BLUECOAST,Blue Coast Hotels Limited,535,
1693,NATNLSTEEL,National Steel And Agro Industries Limited,534,
1694,EASUNREYRL,Easun Reyrolle Limited,524,
1695,SEZAL,Sezal Glass Limited,520,
1696,AMJUMBO,A and M Jumbo Bags Limited,515,
1697,EDL,Empee Distilleries Limited,514,
1698,TFL,Transwarranty Finance Limited,514,
1699,DRL,Dhanuka Realty Limited,510,
1700,MINDPOOL,Mindpool Technologies Limited,509,
1701,NAGREEKCAP,Nagreeka Capital & Infrastructure Limited,505,
1702,OMKARCHEM,Omkar Speciality Chemicals Limited,504,
1703,SETUINFRA,Setubandhan Infrastructure Limited,503,
1704,MOHITIND,Mohit Industries Limited,481,
1705,ONELIFECAP,Onelife Capital Advisors Limited,481,
1706,TECHNOFAB,Technofab Engineering Limited,477,
1707,BHALCHANDR,Bhalchandram Clothing Limited,476,
1708,AJOONI,Ajooni Biotech Limited,468,
1709,UNITEDPOLY,United Polyfab Gujarat Limited,464,
1710,PUSHPREALM,Pushpanjali Realms and Infratech Limited,461,
1711,SMPL,Splendid Metal Products Limited,452,
1712,ACCORD,Accord Synergy Limited,443,
1713,GFSTEELS,Grand Foundry Limited,441,
1714,SPCENET,Spacenet Enterprises India Limited,441,
1715,SABTN,Sri Adhikari Brothers Television Network Limited,437,
1716,HBSL,HB Stockholdings Limited,435,
1717,CKPLEISURE,CKP Leisure Limited,429,
1718,JVLAGRO,JVL Agro Industries Limited,420,
1719,NORBTEAEXP,Norben Tea & Exports Limited,417,
1720,MASKINVEST,Mask Investments Limited,412,
1721,GUJRAFFIA,Gujarat Raffia Industries Limited,411,
1722,ROHITFERRO,Rohit Ferro-Tech Limited,398,
1723,PREMIER,Premier Limited,395,
1724,ZENITHBIR,Zenith Birla (India) Limited,394,
1725,ARENTERP,Rajdarshan Industries Limited,393,
1726,ZICOM,Zicom Electronic Security Systems Limited,392,
1727,GLFL,Gujarat Lease Financing Limited,380,
1728,PSL,PSL Limited,375,
1729,VASA,Vasa Retail and Overseas Ltd,375,
1730,DSML,Debock Sales And Marketing Limited,370,
1731,TVVISION,TV Vision Limited,367,
1732,CHROMATIC,Chromatic India Limited,355,
1733,DNAMEDIA,Diligent Media Corporation Limited,353,
1734,SMVD,SMVD Poly Pack Limited,353,
1735,THIRUSUGAR,Thiru Arooran Sugars Limited,351,
1736,WSI,W S Industries (I) Limited,341,
1737,OMFURN,Omfurn India Limited,341,
1738,TALWALKARS,Talwalkars Better Value Fitness Limited,326,
1739,MANAV,Manav Infra Projects Limited,321,
1740,VICEROY,Viceroy Hotels Limited,318,
1741,BAFNAPH,Bafna Pharmaceuticals Limited,315,
1742,MELSTAR,Melstar Information Technologies Limited,314,
1743,IMPEXFERRO,Impex Ferro Tech Limited,308,
1744,EMCO,Emco Limited,306,
1745,CREATIVEYE,Creative Eye Limited,301,
1746,ALPSINDUS,Alps Industries Limited,293,
1747,TECHIN,Techindia Nirman Limited,287,
1748,CANDC,C & C Constructions Limited,280,
1749,TNTELE,Tamilnadu Telecommunication Limited,272,
1750,PRAKASHSTL,Prakash Steelage Limited,263,
1751,BKMINDST,Bkm Industries Limited,262,
1752,SUJANAUNI,Sujana Universal Industries Limited,253,
1753,SONISOYA,Soni Soya Products Limited,253,
1754,TALWGYM,Talwalkars Healthclubs Limited,248,
1755,UNITY,Unity Infraprojects Limited,242,
1756,PROSEED,Proseed India Limited,240,
1757,UMESLTD,Usha Martin Education & Solutions Limited,238,
1758,TRANSWIND,Transwind Infrastructures Limited,227,
1759,BARTRONICS,Bartronics India Limited,221,
1760,SYNCOM,Syncom Healthcare Limited,220,
1761,GRETEX,Gretex Industries Limited,219,
1762,CKFSL,Cox & Kings Financial Service Limited,219,
1763,VIJIFIN,Viji Finance Limited,206,
1764,INTEGRA,Integra Garments and Textiles Limited,200,
1765,PAEL,PAE Limited,182,
1766,SUBCAPCITY,International Constructions Limited,182,
1767,SPENTEX,Spentex Industries Limited,180,
1768,METKORE,Metkore Alloys & Industries Limited,176,
1769,RAJRAYON,Raj Rayon Industries Limited,173,
1770,GISOLUTION,GI Engineering Solutions Limited,172,
1771,NTL,Neueon Towers Limited,170,
1772,PRADIP,Pradip Overseas Limited,170,
1773,ALCHEM,Alchemist Limited,163,
1774,ORTEL,Ortel Communications Limited,148,
1775,HOTELRUGBY,Hotel Rugby Limited,143,
1776,JIKIND,JIK Industries Limited,140,
1777,KAUSHALYA,Kaushalya Infrastructure Development Corporation Limited,139,
1778,LAKPRE,Lakshmi Precision Screws Limited,131,
1779,THOMASCOTT,Thomas Scott (India) Limited,125,
1780,GBGLOBAL,GB Global Limited,124,
1781,EUROCERA,Euro Ceramics Limited,118,
1782,RAMSARUP,Ramsarup Industries Limited,88,
1783,BOHRA,Bohra Industries Limited,84,
1784,EUROMULTI,Euro Multivision Limited,83,
1785,JAINSTUDIO,Jain Studios Limited,82,
1786,DCMFINSERV,DCM Financial Services Limited,75,
1787,JAIHINDPRO,Jaihind Projects Limited,73,
1788,BLUECHIP,Blue Chip India Limited,55,
1789,SABEVENTS,Sab Events & Governance Now Media Limited,47,
1790,ATNINTER,ATN International Limited,39,
1791,ASIL,Amit Spinning Industries Limited,"Not Traded as on March 31, 2020",
1792,ORCHIDPHAR,Orchid Pharma Limited,"Not Traded as on March 31, 2020",
1793,RAJOIL,Raj Oil Mills Limited,"Not Traded as on March 31, 2020",
1794,SHARONBIO,Sharon Bio-Medicine Limited,"Not Traded as on March 31, 2020",
1795,TANTIACONS,Tantia Constructions Limited,"Not Traded as on March 31, 2020"